NAME:,walk_123_4_1,,,,,
EXPERIMENT TIME:,08/03/2024 09:43:18,,,,,
ACTIVITY TYPE:,Walking,,,,,
COUNT OF ACTUAL STEPS:,200,,,,,
,,,,,,
Time [sec],ACC X,ACC Y,ACC Z,GYRO X,GYRO Y,GYRO Z
.0000,-12.59,2.90,1.37,0.16,-0.06,-0.05
.0820,-12.28,2.12,4.24,-0.34,0.42,-0.00
.1640,-10.04,5.77,1.96,0.50,0.71,0.04
.2460,-9.30,3.80,4.08,-0.56,-0.18,0.07
.3280,-8.79,3.80,3.37,-0.06,-0.42,-0.16
.4100,-7.34,1.92,3.02,-0.15,-0.40,0.03
.4920,-8.32,2.67,2.63,-0.15,-0.34,0.16
.5740,-9.41,2.86,2.82,0.26,0.08,0.24
.6560,-10.83,2.16,0.86,0.42,0.04,0.03
.7380,-12.36,4.39,2.90,0.42,-0.17,-0.33
.8200,-9.65,4.04,6.32,-1.05,0.02,-0.88
.9020,-10.00,4.24,3.92,0.03,0.13,-0.03
.9840,-8.32,2.98,2.59,0.13,0.07,0.22
1.0660,-7.22,2.51,1.61,0.28,0.12,0.28
1.1480,-7.30,2.55,0.86,-0.06,-0.04,0.14
1.2300,-10.08,2.59,1.10,-0.20,-0.17,-0.15
1.3120,-12.55,2.67,0.39,-0.01,0.03,-0.10
1.3940,-11.06,5.02,4.98,-0.16,0.47,0.30
1.4760,-6.75,3.06,1.88,0.45,0.72,-0.24
1.5580,-8.12,3.65,3.96,-0.27,-0.40,0.18
1.6400,-8.20,3.30,3.65,0.33,-0.53,-0.37
1.7220,-7.61,1.45,3.14,0.43,-0.53,-0.07
1.8040,-8.51,2.79,2.79,0.09,-0.30,0.17
1.8860,-9.18,3.53,2.55,0.62,-0.03,0.21
1.9680,-12.04,1.73,0.90,0.67,-0.02,-0.03
2.0500,-11.38,2.63,1.73,0.47,-0.00,-0.23
2.1320,-10.04,3.80,6.28,-1.27,0.09,-0.72
2.2140,-10.28,5.14,4.20,0.05,0.12,-0.34
2.2960,-8.32,1.84,2.31,-0.18,0.48,0.46
2.3780,-6.51,3.02,2.55,-0.83,0.35,0.73
2.4600,-7.30,3.49,1.69,-0.55,0.20,0.27
2.5420,-9.38,2.63,1.29,-0.44,0.03,-0.14
2.6240,-12.87,2.08,-0.08,0.08,0.13,0.09
2.7060,-10.94,5.45,5.81,-0.00,0.26,0.23
2.7880,-6.51,3.49,3.61,0.45,0.76,0.04
2.8700,-7.26,3.73,2.98,-0.32,-0.42,0.07
2.9520,-7.61,2.94,3.45,0.21,-0.60,-0.28
3.0340,-7.57,1.77,3.06,0.02,-0.47,0.05
3.1160,-7.96,3.14,2.90,-0.01,-0.16,0.09
3.1980,-9.89,2.55,2.94,0.51,0.19,0.16
3.2800,-11.61,2.51,0.94,0.28,0.18,-0.12
3.3620,-10.67,5.49,5.30,-0.26,0.13,-0.43
3.4440,-8.59,4.71,5.18,-0.60,0.24,-0.55
3.5260,-11.14,3.49,4.31,0.28,0.29,0.22
3.6080,-6.79,2.67,2.00,-0.43,0.44,0.45
3.6900,-7.10,2.98,1.84,-0.17,0.06,0.42
3.7720,-8.04,2.08,1.02,-0.33,0.01,0.01
3.8540,-13.81,4.08,1.77,-0.42,0.04,0.03
3.9360,-16.08,5.69,4.35,0.32,0.26,-0.03
4.0180,-7.65,3.84,3.14,-0.19,0.55,0.14
4.1000,-7.49,3.80,3.80,-0.41,-0.34,0.22
4.1820,-8.12,2.94,4.35,-0.12,-0.51,-0.19
4.2640,-6.83,2.39,3.57,-0.22,-0.36,0.24
4.3460,-8.24,3.53,2.75,0.04,-0.20,0.18
4.4280,-9.22,2.16,1.61,0.64,0.06,0.05
4.5100,-12.24,2.75,0.71,0.44,0.06,-0.16
4.5920,-10.00,4.71,6.16,-0.94,0.20,-0.66
4.6740,-10.63,5.22,5.30,-0.47,0.17,-0.51
4.7560,-8.47,3.02,3.37,0.15,0.59,0.32
4.8380,-7.06,2.47,2.43,-0.13,0.24,0.46
4.9200,-6.79,2.39,1.10,-0.20,0.06,0.25
5.0020,-9.61,2.31,0.59,-0.54,0.01,-0.26
5.0840,-13.10,3.26,0.04,-0.23,-0.01,0.14
5.1660,-15.26,8.90,7.37,0.36,-0.28,0.20
5.2480,-7.65,2.28,4.75,0.03,0.01,0.11
5.3300,-9.06,3.80,3.77,-0.29,-0.51,-0.08
5.4120,-7.53,2.00,3.06,0.02,-0.43,-0.20
5.4940,-7.06,2.08,2.90,-0.26,-0.32,0.21
5.5760,-9.06,3.30,2.31,0.17,0.01,0.13
5.6580,-10.47,2.24,1.80,0.67,-0.10,0.21
5.7400,-13.30,3.61,3.41,0.48,-0.06,-0.26
5.8220,-9.92,3.88,5.77,-1.21,0.18,-0.86
5.9040,-10.04,5.41,4.00,-0.30,0.16,-0.40
5.9860,-7.81,2.90,2.51,0.18,0.31,0.37
6.0680,-6.94,3.02,1.53,-0.07,0.13,0.51
6.1500,-7.37,2.04,0.90,-0.09,-0.07,0.15
6.2320,-10.28,2.12,1.18,-0.24,-0.12,-0.16
6.3140,-12.63,3.14,-0.12,-0.17,0.07,-0.01
6.3960,-14.67,8.28,6.75,0.13,-0.25,0.08
6.4780,-8.47,2.86,4.39,0.41,0.49,0.01
6.5600,-7.45,4.47,3.73,-0.25,-0.40,0.16
6.6420,-7.88,3.14,3.61,0.51,-0.75,-0.45
6.7240,-7.18,2.24,3.18,0.21,-0.48,0.05
6.8060,-9.06,3.06,2.51,0.42,-0.34,-0.02
6.8880,-9.26,2.16,2.16,0.67,0.09,0.00
6.9700,-12.12,2.20,1.10,0.49,0.04,-0.19
7.0520,-10.87,5.18,5.45,-0.52,0.09,-0.63
7.1340,-9.14,5.61,5.26,-0.72,0.34,-0.57
7.2160,-8.59,3.26,3.61,0.53,0.24,0.23
7.2980,-6.94,2.12,1.96,0.18,0.16,0.35
7.3800,-7.37,2.35,0.86,-0.01,0.10,0.19
7.4620,-9.34,1.65,0.27,-0.20,0.08,-0.20
7.5440,-12.75,3.57,0.43,-0.48,0.06,0.15
7.6260,-13.89,7.10,4.00,0.13,0.00,0.06
7.7080,-9.49,4.63,4.67,-0.02,0.49,0.41
7.7900,-7.73,3.30,3.41,-0.24,-0.33,0.03
7.8720,-8.28,3.57,3.84,0.32,-0.75,-0.38
7.9540,-7.22,1.29,2.47,0.31,-0.49,-0.01
8.0360,-7.61,2.90,2.59,-0.05,-0.17,0.21
8.1180,-9.38,3.41,2.71,0.63,0.16,0.17
8.2000,-12.59,1.65,0.94,0.46,0.03,-0.14
8.2820,-11.34,4.39,3.57,-0.21,0.26,-0.20
8.3640,-8.87,5.49,5.81,-0.96,0.11,-0.79
8.4460,-10.63,3.73,3.92,0.43,0.13,0.11
8.5280,-6.63,2.20,1.77,-0.16,0.31,0.42
8.6100,-7.10,2.94,1.96,-0.08,-0.05,0.42
8.6920,-8.04,2.00,1.02,-0.25,-0.07,0.16
8.7740,-12.32,3.65,2.00,-0.48,-0.00,0.01
8.8560,-10.59,0.51,1.84,-0.01,0.28,-0.38
8.9380,-7.61,5.61,1.26,0.83,0.83,0.50
9.0200,-9.34,2.86,4.75,-0.38,-0.44,-0.06
9.1020,-7.61,4.59,3.96,-0.08,-0.65,-0.04
9.1840,-7.57,2.16,3.57,0.27,-0.58,-0.19
9.2660,-8.36,2.94,2.75,0.22,-0.26,-0.00
9.3480,-9.26,3.18,1.88,0.45,0.16,0.07
9.4300,-11.45,2.28,0.55,0.32,0.11,-0.07
9.5120,-11.30,5.45,3.69,0.14,-0.02,-0.31
9.5940,-8.90,4.55,5.57,-0.69,0.27,-0.86
9.6760,-11.06,4.00,4.67,0.31,0.37,0.10
9.7580,-6.98,2.39,1.96,0.05,0.39,0.43
9.8400,-6.28,2.20,1.02,-0.05,0.16,0.41
9.9220,-8.24,2.39,0.39,-0.23,-0.02,-0.01
10.0040,-12.28,3.22,0.98,-0.33,0.10,-0.09
10.0860,-11.49,2.31,2.75,-0.04,0.19,-0.12
10.1680,-7.73,5.06,1.57,0.87,0.54,0.33
10.2500,-8.83,2.67,4.63,-0.12,-0.52,0.04
10.3320,-8.24,4.20,3.61,0.12,-0.67,-0.21
10.4140,-7.57,1.77,2.98,0.41,-0.51,-0.15
10.4960,-8.71,2.79,2.63,0.15,-0.33,0.14
10.5780,-9.65,2.28,1.96,0.35,0.25,-0.04
10.6600,-12.12,2.75,0.94,0.55,-0.05,0.14
10.7420,-12.28,3.49,4.12,0.83,-0.27,-0.16
10.8240,-9.81,4.59,6.04,-0.82,-0.08,-1.07
10.9060,-11.61,3.96,4.04,0.20,0.35,0.10
10.9880,-6.75,2.00,1.61,-0.10,0.37,0.37
11.0700,-6.90,2.82,1.65,-0.29,0.14,0.72
11.1520,-7.61,2.08,0.90,-0.36,0.12,0.23
11.2340,-11.61,3.18,1.45,-0.63,0.08,-0.15
11.3160,-11.02,-0.08,1.06,-0.20,0.41,0.01
11.3980,-9.73,7.61,2.24,0.51,-0.07,0.58
11.4800,-9.26,1.80,4.55,-0.41,-0.26,-0.12
11.5620,-8.59,4.39,4.00,-0.41,-0.49,-0.07
11.6440,-6.98,1.92,3.06,0.04,-0.44,-0.18
11.7260,-8.20,2.90,3.02,-0.12,-0.16,0.22
11.8080,-8.79,3.14,1.88,0.35,0.18,0.03
11.8900,-12.47,2.47,0.98,0.74,-0.04,0.14
11.9720,-12.91,3.80,3.61,0.51,-0.25,-0.26
12.0540,-10.00,3.69,6.16,-1.03,-0.07,-1.09
12.1360,-11.61,4.59,4.20,0.12,0.35,0.04
12.2180,-7.02,1.84,1.92,-0.09,0.43,0.53
12.3000,-6.47,2.86,1.37,-0.39,0.21,0.73
12.3820,-7.85,2.28,0.94,-0.26,0.14,0.09
12.4640,-11.02,2.67,1.41,-0.50,0.08,-0.22
12.5460,-12.59,0.51,1.92,-0.09,0.19,0.10
12.6280,-11.38,5.88,1.88,0.60,0.53,0.37
12.7100,-8.87,2.24,4.86,-0.48,-0.14,0.08
12.7920,-8.43,4.04,3.84,-0.53,-0.53,0.13
12.8740,-6.67,1.92,2.90,-0.44,-0.28,0.03
12.9560,-7.57,2.90,2.82,-0.40,-0.13,0.34
13.0380,-10.43,3.18,3.06,0.29,0.18,0.08
13.1200,-12.28,1.33,1.18,0.55,-0.01,-0.02
13.2020,-11.53,6.28,4.86,-0.40,0.22,-0.42
13.2840,-9.61,6.04,5.14,-0.78,0.18,-0.74
13.3660,-10.00,3.30,4.20,0.55,0.30,0.19
13.4480,-6.86,2.55,1.92,-0.04,0.18,0.36
13.5300,-6.47,2.39,1.53,-0.12,0.01,0.28
13.6120,-8.67,2.31,0.98,-0.31,-0.01,-0.15
13.6940,-12.98,3.49,1.37,-0.36,0.07,-0.04
13.7760,-12.55,5.37,4.12,-0.29,0.41,-0.08
13.8580,-5.30,4.51,2.47,0.60,0.68,-0.11
13.9400,-8.79,3.80,4.63,-0.05,-0.57,0.03
14.0220,-7.26,3.06,3.45,0.20,-0.62,-0.27
14.1040,-6.86,1.69,3.14,0.17,-0.50,0.04
14.1860,-8.83,3.10,2.79,0.36,-0.11,0.05
14.2680,-9.81,1.57,2.08,0.49,0.16,-0.09
14.3500,-11.85,3.14,1.49,0.41,-0.09,-0.03
14.4320,-11.22,3.02,2.63,0.83,-0.05,-0.08
14.5140,-11.26,5.18,7.18,-1.25,0.20,-0.91
14.5960,-9.96,4.20,4.08,0.53,0.42,0.04
14.6780,-7.49,2.08,1.92,0.14,0.10,0.33
14.7600,-7.30,2.35,1.53,-0.01,-0.11,0.54
14.8420,-8.47,2.39,1.06,-0.29,-0.16,0.16
14.9240,-12.47,2.90,1.33,-0.34,0.26,-0.06
15.0060,-12.32,3.30,4.12,0.01,0.20,-0.02
15.0880,-6.20,3.53,1.65,0.56,0.73,0.13
15.1700,-8.55,2.94,4.43,-0.73,-0.42,0.18
15.2520,-7.30,3.02,3.37,-0.42,-0.29,0.11
15.3340,-6.83,2.04,3.26,-0.56,-0.16,0.29
15.4160,-8.47,3.06,3.02,-0.30,-0.03,0.23
15.4980,-9.53,3.37,3.22,0.19,0.14,0.17
15.5800,-11.96,0.82,1.33,0.86,0.19,-0.16
15.6620,-9.92,4.98,6.43,-1.39,0.24,-0.47
15.7440,-10.79,6.39,5.30,-0.89,0.29,-0.36
15.8260,-7.85,2.59,3.10,-0.18,0.70,0.41
15.9080,-6.08,2.12,1.73,-0.50,0.46,0.56
15.9900,-7.14,2.79,1.57,-0.80,0.08,0.30
16.0720,-10.43,2.82,1.18,-0.65,0.01,-0.12
16.1540,-13.14,2.47,-1.29,-0.20,0.18,0.15
16.2360,-13.61,5.73,7.53,-0.84,0.55,0.08
16.3180,-5.53,2.51,2.12,0.71,0.70,-0.05
16.4000,-8.90,4.35,4.82,-0.60,-0.86,-0.04
16.4820,-6.12,2.00,2.75,0.15,-0.36,-0.20
16.5640,-6.86,2.55,3.14,-0.04,-0.23,0.27
16.6460,-9.45,3.06,2.16,0.51,-0.13,0.26
16.7280,-12.47,2.08,0.47,0.57,-0.00,0.02
16.8100,-12.59,5.02,3.65,0.25,0.04,-0.31
16.8920,-11.85,4.75,6.71,-1.09,-0.27,-0.86
16.9740,-10.59,3.96,4.08,0.42,0.41,-0.02
17.0560,-7.06,1.96,2.00,-0.28,0.40,0.41
17.1380,-6.55,2.35,1.49,-0.39,0.08,0.56
17.2200,-8.04,2.20,0.82,-0.45,0.02,0.19
17.3020,-13.49,3.53,1.37,-0.47,0.01,-0.07
17.3840,-13.38,4.51,5.88,-0.43,0.39,-0.10
17.4660,-5.88,3.10,2.71,0.28,0.98,0.11
17.5480,-7.88,4.51,4.28,-0.86,-0.55,0.14
17.6300,-6.43,2.16,3.18,0.02,-0.37,-0.19
17.7120,-6.55,2.24,3.02,-0.27,-0.27,0.21
17.7940,-9.57,2.79,2.79,0.22,-0.06,0.23
17.8760,-12.36,1.33,1.02,0.63,0.01,-0.02
17.9580,-12.00,4.82,3.84,-0.19,0.05,-0.22
18.0400,-9.26,4.00,5.96,-1.06,0.12,-0.89
18.1220,-10.94,4.71,4.67,-0.11,0.34,-0.10
18.2040,-7.18,2.24,2.00,0.01,0.39,0.40
18.2860,-6.35,2.31,0.94,-0.14,0.26,0.43
18.3680,-8.20,2.47,0.51,-0.36,0.01,0.06
18.4500,-11.22,2.24,1.37,-0.50,0.18,-0.12
18.5320,-12.63,2.39,1.80,-0.11,0.28,0.17
18.6140,-8.39,4.59,1.65,0.54,0.44,0.41
18.6960,-8.55,2.51,5.37,-0.62,-0.31,0.13
18.7780,-8.20,3.84,4.08,-0.45,-0.57,0.15
18.8600,-6.39,1.69,2.86,-0.26,-0.33,0.02
18.9420,-8.24,2.94,2.79,-0.16,-0.11,0.30
19.0240,-9.73,2.98,2.51,0.31,0.36,0.20
19.1060,-11.45,2.16,0.98,0.34,0.22,-0.04
19.1880,-10.55,3.92,4.51,0.09,0.33,-0.38
19.2700,-10.36,5.73,5.73,-0.96,0.14,-0.75
19.3520,-9.41,1.84,3.26,-0.03,0.56,0.34
19.4340,-7.14,2.00,1.96,-0.61,0.40,0.61
19.5160,-6.59,2.51,1.61,-0.65,-0.04,0.42
19.5980,-8.87,2.59,0.35,-0.46,-0.04,0.01
19.6800,-13.96,3.14,1.96,-0.21,-0.05,0.01
19.7620,-11.73,2.20,4.28,-0.31,0.70,0.25
19.8440,-5.77,3.22,3.61,0.16,0.90,0.09
19.9260,-8.00,4.16,4.08,-0.45,-0.51,0.16
20.0080,-7.37,2.43,3.26,-0.08,-0.39,-0.25
20.0900,-6.47,2.12,2.55,-0.30,-0.22,0.23
20.1720,-9.38,2.98,2.67,0.26,-0.20,0.28
20.2540,-11.30,2.24,1.18,0.57,0.05,0.06
20.3360,-12.40,4.79,2.67,0.03,-0.12,-0.19
20.4180,-8.20,4.94,6.90,-0.97,0.14,-1.01
20.5000,-11.96,5.84,4.94,0.07,0.23,-0.33
20.5820,-7.34,2.12,2.04,0.04,0.49,0.39
20.6640,-5.92,2.00,0.94,-0.09,0.19,0.55
20.7460,-7.02,2.16,0.16,-0.47,-0.11,0.21
20.8280,-11.61,3.22,3.57,-0.57,-0.11,-0.47
20.9100,-14.28,1.33,1.88,0.22,0.22,0.07
20.9920,-10.98,8.94,2.39,0.57,0.46,0.66
21.0740,-7.92,3.10,5.26,-0.28,-0.17,0.06
21.1560,-7.96,4.35,4.16,0.17,-0.82,-0.27
21.2380,-7.34,0.86,2.71,0.47,-0.43,-0.14
21.3200,-8.59,2.71,2.20,0.02,-0.21,0.23
21.4020,-9.10,2.98,2.04,0.41,0.27,0.24
21.4840,-11.30,2.98,0.98,0.24,0.09,0.07
21.5660,-10.59,4.86,6.32,0.16,0.18,-0.79
21.6480,-10.83,6.63,6.20,-0.58,0.16,-0.71
21.7300,-8.39,2.00,3.02,0.54,0.40,0.36
21.8120,-6.04,2.35,1.18,0.01,0.24,0.57
21.8940,-6.12,1.92,0.31,-0.19,-0.14,0.24
21.9760,-10.63,2.55,0.94,-0.43,-0.05,-0.31
22.0580,-13.14,2.98,-0.39,0.17,0.15,0.11
22.1400,-14.87,8.67,5.41,-0.04,-0.29,0.24
22.2220,-9.41,2.94,5.69,-0.23,0.06,0.14
22.3040,-8.24,4.00,3.77,-0.38,-0.59,0.02
22.3860,-6.43,1.65,2.98,-0.13,-0.42,-0.10
22.4680,-7.45,2.71,2.55,-0.32,-0.13,0.31
22.5500,-9.49,3.73,2.67,0.26,0.04,0.31
22.6320,-11.38,1.41,1.10,0.61,0.16,-0.05
22.7140,-10.51,5.84,4.31,0.27,0.08,-0.41
22.7960,-11.61,5.18,6.90,-1.06,0.01,-1.28
22.8780,-12.00,3.10,3.80,0.63,0.53,0.13
22.9600,-6.63,1.65,1.26,-0.31,0.50,0.46
23.0420,-5.65,1.88,0.75,-0.30,-0.08,0.58
23.1240,-7.88,1.96,0.35,-0.38,-0.30,-0.11
23.2060,-14.12,4.28,1.02,-0.28,-0.12,-0.19
23.2880,-12.94,3.26,5.57,-0.19,0.47,-0.06
23.3700,-5.49,3.53,3.26,0.75,0.94,0.19
23.4520,-8.24,5.73,4.82,-0.17,-0.56,0.04
23.5340,-7.65,2.12,2.47,0.76,-0.37,-0.41
23.6160,-7.02,1.49,1.77,0.33,-0.39,0.04
23.6980,-8.67,2.67,2.20,0.51,-0.37,0.39
23.7800,-11.34,2.55,0.43,0.68,0.01,0.07
23.8620,-11.69,3.57,0.82,0.18,-0.11,-0.27
23.9440,-6.28,5.02,8.39,-0.82,0.11,-1.16
24.0260,-13.45,6.35,5.18,0.04,-0.18,-0.65
24.1080,-8.24,1.69,2.04,-0.36,0.57,0.48
24.1900,-6.98,2.59,1.49,-0.35,0.00,0.69
24.2720,-5.10,0.82,0.08,-0.71,-0.03,0.28
24.3540,-8.71,3.10,2.55,-1.10,-0.19,-0.13
24.4360,-12.75,0.55,-0.78,0.22,0.36,-0.17
24.5180,-16.16,9.77,7.18,0.39,-1.01,0.84
24.6000,-7.26,2.08,5.73,-0.58,0.16,0.13
24.6820,-8.67,4.71,4.98,-0.29,-0.61,0.11
24.7640,-7.14,1.22,3.10,0.01,-0.06,-0.08
24.8460,-7.34,2.67,2.63,-0.24,-0.32,0.27
24.9280,-8.36,2.82,2.47,0.35,-0.36,0.29
25.0100,-11.38,2.16,1.41,0.81,-0.09,0.04
25.0920,-11.57,5.02,3.33,0.01,0.13,-0.36
25.1740,-10.67,3.57,7.26,-0.59,-0.20,-1.10
25.2560,-12.08,4.43,4.79,0.47,0.38,-0.13
25.3380,-6.39,1.41,2.20,-0.02,0.33,0.39
25.4200,-6.39,1.53,0.90,-0.03,-0.07,0.45
25.5020,-8.28,2.04,-0.20,-0.41,-0.09,0.08
25.5840,-14.55,3.26,0.94,-0.15,-0.06,-0.15
25.6660,-16.87,5.02,-1.65,1.60,0.12,0.06
25.7480,-9.73,3.88,6.86,-0.68,-0.39,0.39
25.8300,-9.10,4.55,4.24,0.08,-0.65,-0.05
25.9120,-6.28,0.75,2.55,0.31,-0.35,-0.14
25.9940,-7.96,3.06,2.86,0.02,-0.30,0.41
26.0760,-9.65,2.79,2.00,0.65,0.43,0.06
26.1580,-13.34,3.73,2.82,0.42,-0.09,-0.23
26.2400,-10.12,5.14,6.55,-1.48,0.05,-1.15
26.3220,-12.36,6.43,5.26,-0.35,0.22,-0.32
26.4040,-5.88,2.55,1.57,0.24,0.56,0.37
26.4860,-5.53,1.69,0.98,0.11,0.02,0.32
26.5680,-8.98,3.22,1.14,-0.22,-0.14,0.08
26.6500,-12.79,3.10,0.16,-0.42,0.16,0.07
26.7320,-9.38,6.79,6.75,-0.18,0.53,-0.03
26.8140,-6.08,1.10,3.18,0.93,0.51,-0.27
26.8960,-7.96,4.35,3.84,-0.59,-0.55,0.03
26.9780,-6.83,1.96,3.26,0.07,-0.66,-0.17
27.0600,-6.00,1.88,2.82,-0.18,-0.35,0.25
27.1420,-9.18,3.30,2.86,0.38,0.27,0.19
27.2240,-12.59,1.84,0.75,0.46,-0.08,-0.04
27.3060,-11.61,3.88,4.71,0.81,-0.08,-0.31
27.3880,-12.28,4.16,7.61,-1.20,-0.18,-1.25
27.4700,-10.32,4.47,4.08,0.21,0.70,0.17
27.5520,-6.04,1.57,1.33,-0.11,0.54,0.47
27.6340,-5.69,2.00,1.02,-0.48,0.07,0.57
27.7160,-8.98,2.79,0.16,-0.33,0.03,-0.18
27.7980,-14.24,3.30,-0.27,-0.26,-0.03,0.20
27.8800,-16.32,9.92,9.38,0.38,-0.25,0.37
27.9620,-8.16,3.41,4.55,0.18,0.11,0.04
28.0440,-7.69,3.06,3.41,-0.23,-0.92,-0.08
28.1260,-4.98,1.80,3.06,-0.12,-0.55,-0.03
28.2080,-7.49,3.53,3.88,0.02,-0.18,0.21
28.2900,-9.81,1.84,1.22,0.43,0.54,-0.02
28.3720,-12.71,1.84,1.37,0.26,-0.09,-0.05
28.4540,-9.22,5.73,4.00,-0.21,0.27,-0.29
28.5360,-11.96,6.86,6.55,-0.82,-0.21,-0.80
28.6180,-8.71,2.20,3.06,0.37,0.74,0.30
28.7000,-6.75,1.92,1.33,-0.12,0.34,0.48
28.7820,-5.57,2.31,1.02,-0.54,-0.18,0.26
28.8640,-11.22,2.59,1.45,-0.27,-0.14,-0.26
28.9460,-13.30,2.28,-0.90,-0.11,0.02,0.09
29.0280,-14.71,10.24,12.32,-0.25,0.15,0.62
29.1100,-4.79,1.49,2.04,0.71,0.65,-0.21
29.1920,-8.24,3.73,3.96,-0.42,-0.98,-0.02
29.2740,-6.16,2.24,2.98,0.22,-0.46,-0.22
29.3560,-7.88,2.67,2.98,0.06,-0.20,0.15
29.4380,-9.81,2.90,2.16,0.28,0.26,0.10
29.5200,-12.40,1.88,0.67,0.54,-0.12,0.07
29.6020,-12.28,4.67,4.31,0.51,-0.17,-0.32
29.6840,-9.69,4.08,6.04,-1.16,0.05,-1.00
29.7660,-11.45,4.63,4.43,0.10,0.47,0.04
29.8480,-6.98,2.31,2.12,-0.08,0.48,0.40
29.9300,-6.20,2.08,1.29,-0.12,0.02,0.53
30.0120,-9.45,2.51,0.86,-0.23,-0.01,-0.00
30.0940,-13.65,2.79,0.59,-0.36,0.15,0.12
30.1760,-12.94,7.73,6.39,-0.18,0.24,-0.02
30.2580,-6.83,2.75,3.88,0.53,0.78,0.01
30.3400,-7.65,4.00,3.53,-0.41,-0.54,0.12
30.4220,-6.83,2.90,3.06,0.48,-0.72,-0.36
30.5040,-7.45,1.41,2.63,0.16,-0.39,0.12
30.5860,-9.18,2.98,2.31,0.13,-0.11,0.16
30.6680,-11.22,1.80,1.45,0.55,-0.10,0.01
30.7500,-12.55,3.49,1.92,0.21,-0.02,-0.30
30.8320,-7.02,4.24,6.08,-1.34,0.24,-0.75
30.9140,-11.61,6.39,5.41,0.05,0.19,-0.31
30.9960,-7.06,2.20,2.04,0.03,0.48,0.40
31.0780,-6.28,1.96,1.57,-0.25,0.13,0.73
31.1600,-7.37,2.98,0.71,-0.46,0.09,0.18
31.2420,-12.59,2.08,1.53,-0.44,0.27,-0.11
31.3240,-12.00,1.65,3.53,0.22,0.35,0.06
31.4060,-7.57,4.98,2.90,0.51,0.65,0.35
31.4880,-8.00,4.79,4.51,-0.77,-0.39,0.24
31.5700,-7.26,2.71,3.33,0.03,-0.63,-0.08
31.6520,-6.35,1.53,2.79,-0.10,-0.24,0.02
31.7340,-9.61,2.90,2.71,0.29,0.04,0.26
31.8160,-11.92,2.20,0.90,0.51,0.05,0.06
31.8980,-12.43,2.75,1.88,0.07,-0.18,-0.14
31.9800,-7.06,3.77,6.75,-1.40,0.20,-0.97
32.0620,-12.79,7.34,5.22,-0.44,0.33,-0.31
32.1440,-7.14,1.37,1.41,-0.08,0.63,0.52
32.2260,-6.04,2.08,1.06,-0.33,0.13,0.66
32.3080,-7.22,2.51,0.31,-0.54,-0.08,0.18
32.3900,-12.67,3.65,3.49,-0.47,-0.21,-0.49
32.4720,-12.12,-1.02,0.67,0.21,0.49,-0.14
32.5540,-8.39,9.73,3.33,0.85,0.48,0.85
32.6360,-8.08,2.98,5.33,-0.27,-0.36,-0.20
32.7180,-7.10,3.61,3.69,0.43,-0.83,-0.21
32.8000,-7.18,1.96,3.26,0.43,-0.58,-0.07
32.8820,-10.08,1.65,1.37,0.68,-0.30,0.11
32.9640,-11.30,2.59,1.57,0.34,-0.19,-0.03
33.0460,-12.24,5.30,3.33,0.13,0.07,-0.36
33.1280,-8.75,3.41,6.16,-0.62,-0.20,-1.07
33.2100,-12.04,5.37,4.79,0.47,0.27,-0.07
33.2920,-6.08,1.92,1.73,0.05,0.45,0.45
33.3740,-6.24,1.88,1.10,-0.06,-0.14,0.52
33.4560,-8.63,2.08,0.39,-0.35,-0.06,-0.08
33.5380,-15.49,3.84,1.84,-0.29,-0.02,-0.01
33.6200,-16.20,9.69,8.83,0.12,-0.26,0.15
33.7020,-8.36,2.86,4.59,0.40,0.58,0.10
33.7840,-7.37,4.24,3.69,-0.39,-0.78,0.00
33.8660,-5.84,1.84,2.94,0.46,-0.53,-0.33
33.9480,-6.79,2.98,2.86,0.25,-0.23,0.20
34.0300,-9.22,2.86,1.69,0.67,0.41,0.28
34.1120,-12.40,1.33,1.14,0.45,0.03,-0.07
34.1940,-10.24,5.26,3.22,0.02,0.18,-0.35
34.2760,-9.92,5.10,6.39,-1.31,0.10,-1.11
34.3580,-10.71,2.63,3.61,0.36,0.43,0.05
34.4400,-6.43,1.61,1.41,-0.49,0.61,0.49
34.5220,-6.00,2.43,1.45,-0.52,0.05,0.65
34.6040,-9.14,1.69,-0.47,-0.41,-0.11,-0.02
34.6860,-14.40,3.57,2.28,-0.27,-0.10,0.04
34.7680,-12.63,1.88,2.43,-0.29,0.59,0.01
34.8500,-5.69,3.92,2.71,0.68,0.46,-0.03
34.9320,-8.67,4.28,4.39,-0.12,-0.80,-0.09
35.0140,-7.30,2.43,2.86,0.47,-0.54,-0.31
35.0960,-6.67,2.12,2.59,0.12,-0.42,0.20
35.1780,-10.04,2.63,2.51,0.71,-0.08,0.33
35.2600,-11.61,2.04,0.59,0.31,0.08,0.10
35.3420,-11.89,6.51,4.12,0.09,-0.00,-0.43
35.4240,-9.81,5.18,6.51,-0.95,-0.05,-1.17
35.5060,-12.59,5.02,4.79,0.75,0.08,-0.11
35.5880,-7.53,2.12,1.77,0.13,0.23,0.25
35.6700,-6.32,1.96,1.26,0.02,-0.08,0.29
35.7520,-7.45,1.88,1.37,-0.46,0.13,0.38
35.8340,-10.98,6.51,2.00,-0.85,-0.02,-0.02
35.9160,-12.40,1.45,-0.08,0.17,0.11,0.03
35.9980,-13.89,5.61,3.92,0.56,0.03,0.38
36.0800,-7.92,3.26,5.37,-0.08,0.10,0.30
36.1620,-9.18,3.06,3.92,-0.43,-0.53,0.08
36.2440,-7.30,2.39,2.86,-0.35,-0.21,0.14
36.3260,-7.53,2.43,2.67,-0.31,-0.21,0.29
36.4080,-8.63,2.28,1.65,0.16,0.02,0.25
36.4900,-11.10,2.16,2.43,0.65,-0.06,0.26
36.5720,-12.83,4.94,3.10,0.41,-0.01,-0.17
36.6540,-8.00,4.71,6.43,-1.45,0.23,-1.05
36.7360,-13.65,6.55,4.51,0.26,0.21,-0.31
36.8180,-7.14,1.57,1.37,-0.13,0.48,0.38
36.9000,-5.92,2.20,0.98,-0.44,0.18,0.60
36.9820,-6.94,2.04,-0.24,-0.66,0.07,0.19
37.0640,-12.28,3.88,4.04,-0.68,0.03,-0.42
37.1460,-11.92,0.90,-0.20,0.24,0.55,0.06
37.2280,-9.14,9.22,4.63,0.91,0.44,0.76
37.3100,-8.87,4.90,5.33,-0.54,-0.29,-0.01
37.3920,-7.49,3.69,3.53,0.59,-0.59,-0.39
37.4740,-6.24,0.86,2.35,0.48,-0.40,-0.11
37.5560,-8.47,2.39,1.65,0.59,-0.36,0.41
37.6380,-11.65,1.49,-0.16,0.44,-0.04,-0.15
37.7200,-13.10,7.45,5.10,0.10,-0.01,-0.57
37.8020,-13.49,5.96,8.20,-0.91,-0.40,-1.36
37.8840,-9.61,2.94,3.14,0.54,0.54,0.15
37.9660,-5.53,2.12,0.75,-0.18,0.44,0.58
38.0480,-3.69,0.67,-0.12,-0.41,-0.34,0.23
38.1300,-8.00,2.90,1.45,-0.79,0.18,-0.23
38.2120,-14.44,2.63,-2.16,0.62,0.08,0.01
38.2940,-17.81,12.79,9.92,-0.05,-1.40,1.07
38.3760,-5.61,0.55,3.65,-0.12,0.49,-0.14
38.4580,-8.90,5.65,5.06,0.28,-0.93,-0.36
38.5400,-6.04,0.51,2.04,0.87,-0.38,-0.42
38.6220,-7.92,2.08,2.12,0.43,-0.44,0.35
38.7040,-9.73,1.88,1.84,0.86,0.02,0.10
38.7860,-12.08,3.33,1.41,-0.08,-0.05,-0.29
38.8680,-7.37,5.73,8.47,-0.89,0.30,-1.34
38.9500,-15.73,6.35,5.88,0.34,-0.11,-0.60
39.0320,-6.00,1.22,1.02,0.12,0.73,0.42
39.1140,-4.39,1.33,-0.08,-0.07,0.19,0.63
39.1960,-7.34,1.61,-0.78,-0.74,-0.20,0.21
39.2780,-15.81,4.16,2.47,-0.21,-0.63,-0.37
39.3600,-11.85,2.28,3.45,0.34,0.82,0.14
39.4420,-4.94,4.59,2.43,0.46,0.81,0.19
39.5240,-8.36,5.18,5.18,-0.16,-0.91,-0.18
39.6060,-6.00,1.88,2.24,0.73,-0.49,-0.52
39.6880,-6.83,1.18,1.77,0.59,-0.46,0.04
39.7700,-9.45,3.18,1.57,0.82,0.11,0.24
39.8520,-11.85,1.18,0.08,0.18,-0.01,-0.13
39.9340,-10.75,7.57,7.45,-0.38,0.17,-0.82
40.0160,-12.20,6.94,6.12,-0.13,-0.20,-1.05
40.0980,-9.57,1.41,2.94,0.93,0.35,0.15
40.1800,-5.14,1.29,0.59,0.56,0.22,0.37
40.2620,-5.53,0.98,-0.39,-0.12,-0.20,0.21
40.3440,-12.43,3.45,1.92,-0.35,-0.00,-0.38
40.4260,-14.28,-0.12,2.00,0.60,-0.01,0.05
40.5080,-9.18,8.79,3.69,0.89,0.27,0.87
40.5900,-7.69,2.55,4.59,-0.50,-0.18,-0.03
40.6720,-7.85,4.08,3.45,0.23,-0.82,-0.23
40.7540,-6.24,0.43,2.28,0.49,-0.45,-0.19
40.8360,-8.36,3.22,2.98,0.25,-0.48,0.40
40.9180,-11.57,1.41,0.59,0.61,0.02,-0.12
41.0000,-12.71,6.43,4.24,-0.05,-0.15,-0.33
41.0820,-9.22,3.88,7.10,-0.68,0.03,-1.31
41.1640,-11.81,4.51,5.02,0.60,0.29,0.13
41.2460,-5.84,2.04,0.78,0.42,0.36,0.43
41.3280,-4.43,0.98,0.71,-0.13,-0.31,0.21
41.4100,-11.30,2.08,0.51,-0.12,-0.15,-0.13
41.4920,-14.24,1.10,-1.41,-0.13,0.10,0.06
41.5740,-14.00,8.67,4.08,1.33,-0.27,0.39
41.6560,-9.96,4.24,4.86,-0.22,-0.27,-0.10
41.7380,-7.92,4.39,4.20,0.04,-0.85,-0.17
41.8200,-5.57,1.92,2.98,0.37,-0.55,-0.11
41.9020,-8.47,3.18,3.53,0.40,-0.20,0.17
41.9840,-11.30,1.49,1.53,0.40,-0.16,-0.00
42.0660,-13.45,3.33,3.02,0.35,-0.03,-0.35
42.1480,-10.79,5.53,7.22,-1.07,-0.03,-1.08
42.2300,-11.65,5.45,5.49,-0.04,0.17,0.05
42.3120,-6.24,1.84,2.04,0.32,0.51,0.31
42.3940,-6.08,2.31,2.08,0.08,0.16,0.24
42.4760,-7.81,2.79,1.69,-0.09,-0.04,-0.06
42.5580,-12.55,2.98,1.06,-0.18,-0.01,-0.07
42.6400,-9.10,2.55,4.67,-0.12,0.36,-0.13
42.7220,-5.77,2.08,0.98,1.08,-0.01,-0.13
42.8040,-9.41,2.75,4.31,0.09,-0.45,-0.03
42.8860,-7.57,3.84,3.80,-0.11,-0.64,-0.12
42.9680,-6.39,2.12,3.14,0.35,-0.55,-0.11
43.0500,-7.61,2.31,2.67,0.22,0.11,0.03
43.1320,-10.00,2.90,2.39,0.59,0.01,0.21
43.2140,-13.42,1.29,1.65,0.74,-0.12,-0.18
43.2960,-9.85,5.57,3.84,-0.52,0.15,-0.07
43.3780,-9.18,4.75,6.24,-0.87,0.06,-0.95
43.4600,-10.16,3.96,3.77,0.32,0.37,0.32
43.5420,-5.92,1.57,1.02,-0.15,0.15,0.38
43.6240,-7.37,2.79,1.37,-0.24,-0.11,0.37
43.7060,-9.30,1.80,1.22,-0.18,-0.00,-0.05
43.7880,-13.45,3.22,0.90,-0.30,-0.09,0.03
43.8700,-15.49,9.53,7.41,-0.23,0.23,0.16
43.9520,-6.67,4.51,2.94,0.13,0.78,0.06
44.0340,-7.18,3.77,3.49,-0.14,-0.35,0.17
44.1160,-6.67,3.30,3.77,0.16,-0.71,-0.33
44.1980,-7.26,1.88,3.06,0.35,-0.36,-0.00
44.2800,-8.20,2.75,1.80,0.32,0.08,-0.06
44.3620,-12.16,2.94,1.49,0.77,-0.38,0.21
44.4440,-13.34,4.04,4.16,0.49,-0.19,-0.38
44.5260,-10.00,5.06,6.35,-0.48,-0.05,-1.10
44.6080,-12.47,4.79,5.10,-0.07,0.12,-0.04
44.6900,-5.49,1.57,2.04,0.40,0.29,0.38
44.7720,-4.90,1.92,0.98,0.03,0.02,0.37
44.8540,-9.85,2.51,1.33,-0.03,-0.15,-0.01
44.9360,-13.93,2.67,0.20,-0.25,0.22,-0.02
45.0180,-11.45,7.92,7.34,-0.31,0.33,0.02
45.1000,-6.39,3.06,2.82,0.88,0.73,-0.18
45.1820,-7.65,3.88,3.84,-0.11,-0.81,-0.10
45.2640,-6.47,2.86,3.26,0.48,-0.69,-0.31
45.3460,-6.24,1.77,2.39,0.57,-0.13,-0.05
45.4280,-10.51,2.79,1.92,0.83,0.26,0.16
45.5100,-13.18,1.73,0.55,0.53,-0.19,-0.00
45.5920,-11.22,5.49,4.12,-0.01,-0.07,-0.27
45.6740,-10.12,4.28,6.12,-0.80,-0.13,-1.04
45.7560,-11.02,4.47,4.35,0.30,0.37,0.29
45.8380,-5.57,1.88,0.90,-0.01,0.40,0.46
45.9200,-5.96,1.33,0.98,-0.22,-0.14,0.33
46.0020,-9.92,2.43,0.82,-0.32,-0.09,-0.08
46.0840,-14.87,3.06,-0.31,-0.26,-0.03,0.09
46.1660,-14.47,7.69,3.33,0.83,-0.12,0.47
46.2480,-8.87,2.35,5.22,0.02,-0.25,0.08
46.3300,-7.77,4.67,4.39,-0.06,-0.98,-0.13
46.4120,-5.96,1.33,2.98,0.49,-0.49,-0.22
46.4940,-7.81,2.51,2.59,0.29,-0.20,0.29
46.5760,-10.36,2.31,1.61,0.33,0.27,0.14
46.6580,-12.63,2.71,1.53,0.36,-0.10,-0.14
46.7400,-8.28,5.57,6.43,-0.93,0.28,-0.44
46.8220,-12.24,5.73,6.32,-0.43,-0.07,-0.56
46.9040,-7.49,2.79,1.88,-0.01,0.67,0.49
46.9860,-5.57,2.35,1.41,-0.19,0.30,0.62
47.0680,-5.96,2.00,0.47,-0.50,-0.05,0.20
47.1500,-12.20,2.59,1.49,-0.51,0.10,-0.35
47.2320,-12.51,1.73,4.51,0.05,0.22,0.14
47.3140,-5.45,4.59,1.02,0.38,0.69,0.19
47.3960,-8.87,3.77,4.82,-0.16,-0.37,0.12
47.4780,-7.22,3.10,3.61,-0.01,-0.70,-0.16
47.5600,-6.32,1.73,3.30,0.13,-0.56,0.01
47.6420,-8.55,3.37,2.86,0.30,-0.14,0.11
47.7240,-11.92,2.35,1.65,0.57,-0.22,0.10
47.8060,-13.22,4.82,3.84,0.22,0.04,-0.31
47.8880,-10.24,3.41,6.63,-0.75,-0.03,-1.13
47.9700,-12.47,5.37,4.86,-0.28,0.58,0.01
48.0520,-5.96,1.45,1.84,-0.03,0.62,0.35
48.1340,-4.98,1.96,1.02,-0.22,0.29,0.46
48.2160,-7.30,2.28,0.20,-0.34,0.11,-0.04
48.2980,-15.69,3.22,1.33,-0.34,-0.21,0.05
48.3800,-11.61,5.57,4.71,-0.37,0.55,0.09
48.4620,-5.53,3.61,3.53,0.54,0.61,0.12
48.5440,-7.92,4.39,3.73,-0.36,-0.62,0.03
48.6260,-6.83,2.59,2.98,0.34,-0.72,-0.37
48.7080,-7.22,1.53,2.59,0.26,-0.29,0.08
48.7900,-9.14,2.90,2.20,0.39,0.10,0.12
48.8720,-12.47,2.08,0.98,0.49,-0.14,0.17
48.9540,-12.67,3.33,3.06,0.29,-0.05,-0.34
49.0360,-9.69,4.31,5.88,-1.69,0.24,-1.00
49.1180,-12.43,5.37,5.10,0.22,0.35,-0.14
49.2000,-6.35,1.84,1.73,-0.25,0.35,0.47
49.2820,-6.24,1.80,1.33,-0.41,0.06,0.70
49.3640,-8.00,3.14,1.49,-0.54,0.06,0.15
49.4460,-14.98,2.79,1.69,-0.16,-0.16,0.01
49.5280,-13.69,4.39,5.49,-0.33,0.66,0.18
49.6100,-5.69,3.96,3.57,0.48,0.53,0.06
49.6920,-7.30,3.80,3.77,-0.10,-0.72,-0.17
49.7740,-6.59,2.51,3.41,0.40,-0.54,-0.26
49.8560,-6.83,1.88,2.82,0.18,-0.26,0.16
49.9380,-9.45,2.43,0.90,0.48,0.25,-0.01
50.0200,-12.47,2.79,1.14,0.59,-0.29,0.25
50.1020,-11.73,5.26,3.96,0.02,0.08,-0.36
50.1840,-10.43,4.71,7.06,-0.82,-0.05,-1.01
50.2660,-11.26,4.04,4.31,0.34,0.50,0.34
50.3480,-6.83,1.49,1.73,-0.05,0.51,0.52
50.4300,-5.30,1.65,0.63,-0.31,0.08,0.33
50.5120,-8.28,2.47,0.55,-0.34,-0.08,-0.17
50.5940,-15.14,4.35,1.02,-0.22,-0.10,0.18
50.6760,-15.65,9.73,10.40,-0.03,-0.32,0.26
50.7580,-7.14,2.47,4.12,0.60,0.41,0.03
50.8400,-6.86,4.04,3.53,-0.28,-0.80,-0.08
50.9220,-5.65,1.77,3.02,0.34,-0.50,-0.24
51.0040,-7.65,2.90,3.30,0.12,-0.32,0.28
51.0860,-10.32,2.59,1.69,0.47,0.37,0.10
51.1680,-12.59,2.24,1.02,0.39,-0.05,-0.02
51.2500,-10.24,5.37,4.63,0.00,0.09,-0.28
51.3320,-11.45,4.63,6.75,-0.88,-0.25,-0.68
51.4140,-8.71,2.51,3.92,0.31,0.52,0.30
51.4960,-5.96,1.96,1.73,-0.08,0.30,0.56
51.5780,-6.08,2.79,1.73,-0.50,-0.11,0.35
51.6600,-11.06,2.67,0.75,-0.24,0.12,-0.26
51.7420,-12.79,2.16,-0.82,0.02,0.20,0.17
51.8240,-14.67,8.59,10.75,-0.11,-0.16,0.40
51.9060,-7.14,2.00,3.65,0.30,0.32,-0.22
51.9880,-7.65,3.37,3.84,-0.50,-0.79,0.05
52.0700,-5.69,2.31,3.26,-0.18,-0.42,-0.04
52.1520,-7.57,2.86,3.26,0.07,-0.04,0.13
52.2340,-9.92,2.90,2.04,0.30,0.33,0.10
52.3160,-12.55,2.04,1.53,0.49,-0.04,-0.16
52.3980,-8.47,6.28,5.10,-0.09,0.20,-0.30
52.4800,-11.65,6.24,7.10,-0.80,0.01,-0.73
52.5620,-7.30,1.22,2.59,0.52,0.69,0.34
52.6440,-6.59,1.69,1.22,-0.12,0.34,0.47
52.7260,-6.24,2.43,0.55,-0.59,-0.10,0.33
52.8080,-12.79,2.51,1.37,-0.28,-0.06,-0.36
52.8900,-13.85,-0.12,-2.00,-0.03,0.06,0.09
52.9720,-15.26,10.00,4.67,0.85,-0.33,0.74
53.0540,-7.85,3.10,4.71,-0.03,-0.30,-0.17
53.1360,-8.04,4.24,3.77,0.22,-0.95,-0.13
53.2180,-6.86,1.37,2.94,0.43,-0.56,-0.17
53.3000,-8.79,2.35,2.63,0.31,-0.12,0.16
53.3820,-10.16,2.00,1.57,0.30,-0.04,0.10
53.4640,-12.00,3.10,1.53,0.31,-0.06,-0.16
53.5460,-7.26,5.57,7.18,-1.20,0.31,-0.76
53.6280,-11.65,6.59,5.92,-0.32,0.20,-0.32
53.7100,-6.98,1.45,1.92,0.15,0.62,0.45
53.7920,-5.45,1.88,1.06,-0.10,0.14,0.60
53.8740,-7.30,2.59,0.39,-0.47,-0.10,0.18
53.9560,-12.36,2.82,2.28,-0.37,0.13,-0.36
54.0380,-12.79,4.12,4.82,0.29,0.60,-0.11
54.1200,-4.82,4.79,2.12,0.39,0.88,0.13
54.2020,-8.55,4.86,4.63,-0.14,-0.70,-0.13
54.2840,-6.04,2.43,2.82,0.39,-0.62,-0.29
54.3660,-6.51,1.88,2.86,0.27,-0.36,0.04
54.4480,-9.34,2.47,1.73,0.76,0.29,0.11
54.5300,-13.26,1.29,0.43,0.44,-0.07,0.02
54.6120,-12.00,6.12,5.10,0.24,-0.02,-0.30
54.6940,-10.90,3.61,6.90,-1.08,-0.25,-1.15
54.7760,-10.20,2.94,3.37,0.43,0.53,0.18
54.8580,-5.73,1.10,1.49,-0.33,0.48,0.41
54.9400,-5.33,1.53,0.75,-0.52,0.10,0.57
55.0220,-9.57,3.02,0.16,-0.68,-0.04,-0.26
55.1040,-14.04,3.88,-0.16,0.11,-0.18,0.15
55.1860,-15.57,8.94,9.18,-0.06,-0.55,0.33
55.2680,-7.49,1.49,4.94,0.43,0.09,0.03
55.3500,-7.73,5.14,4.39,-0.40,-0.80,-0.02
55.4320,-6.39,1.61,2.94,0.62,-0.45,-0.33
55.5140,-7.49,2.20,2.47,0.17,-0.26,0.30
55.5960,-9.65,2.98,1.73,0.51,0.17,0.28
55.6780,-11.81,1.73,0.47,0.25,-0.06,-0.03
55.7600,-10.90,6.51,4.94,-0.13,0.23,-0.28
55.8420,-9.57,5.65,5.61,-0.58,0.07,-1.06
55.9240,-11.30,3.61,4.67,0.72,0.04,0.14
56.0060,-6.86,1.80,1.06,0.35,0.12,0.23
56.0880,-5.84,1.14,0.35,0.01,-0.07,0.30
56.1700,-8.16,1.73,0.12,-0.58,-0.12,-0.01
56.2520,-14.20,3.69,-0.71,0.01,-0.06,0.05
56.3340,-20.01,11.73,13.10,0.08,-1.12,0.53
56.4160,-6.83,0.59,4.20,-0.03,0.52,-0.04
56.4980,-8.71,5.26,4.47,-0.14,-0.89,-0.17
56.5800,-6.47,0.94,2.20,0.48,-0.38,-0.23
56.6620,-7.49,2.24,2.24,0.16,-0.33,0.24
56.7440,-9.73,2.28,1.80,0.66,0.38,0.26
56.8260,-11.18,2.39,1.10,-0.16,0.03,-0.23
56.9080,-9.65,5.45,6.59,-0.01,0.28,-0.95
56.9900,-14.08,6.75,5.84,-0.04,-0.12,-0.89
57.0720,-8.24,0.90,2.79,0.50,0.59,0.21
57.1540,-6.32,1.45,1.02,0.32,0.22,0.38
57.2360,-6.35,1.77,0.08,-0.33,-0.10,0.31
57.3180,-10.67,2.47,0.39,-0.33,0.01,-0.33
57.4000,-13.77,3.61,-0.20,0.39,-0.16,0.01
57.4820,-15.53,9.14,6.16,0.30,-0.64,0.30
57.5640,-7.22,2.79,4.79,0.35,0.23,0.03
57.6460,-8.12,4.82,4.67,0.35,-0.97,-0.25
57.7280,-7.34,1.26,2.59,0.92,-0.59,-0.35
57.8100,-8.08,1.88,1.96,0.50,-0.47,0.13
57.8920,-9.92,3.14,2.20,0.76,0.12,0.09
57.9740,-11.18,2.35,0.39,0.41,-0.04,0.01
58.0560,-11.73,6.79,4.35,0.36,0.26,-0.59
58.1380,-10.32,5.57,6.75,-0.63,-0.01,-1.05
58.2200,-9.92,2.43,4.04,1.21,-0.01,0.19
58.3020,-6.51,2.08,0.90,0.59,0.09,0.25
58.3840,-5.61,1.65,-0.08,0.05,-0.40,0.06
58.4660,-11.49,2.00,0.86,-0.02,-0.21,-0.43
58.5480,-12.16,3.06,-0.47,-0.21,0.10,-0.02
58.6300,-16.79,13.38,10.83,0.26,-1.06,0.41
58.7120,-7.92,1.57,4.31,0.63,0.38,-0.41
58.7940,-8.43,4.86,4.39,0.14,-0.92,0.00
58.8760,-5.84,1.88,3.65,0.58,-0.83,-0.37
58.9580,-8.59,2.43,2.59,0.75,-0.41,0.05
59.0400,-9.57,0.86,1.80,0.66,0.19,-0.03
59.1220,-11.85,4.31,0.78,0.33,0.04,-0.17
59.2040,-7.77,6.59,7.37,-0.20,0.31,-0.62
59.2860,-13.93,6.00,6.67,-0.20,0.20,-0.56
59.3680,-5.77,1.26,1.33,0.29,0.71,0.46
59.4500,-5.45,1.33,1.02,-0.12,0.16,0.78
59.5320,-6.98,3.45,0.86,-0.71,0.22,0.21
59.6140,-12.98,2.43,2.24,-0.17,0.12,-0.30
59.6960,-13.73,1.33,4.75,0.43,0.15,-0.00
59.7780,-7.61,6.28,2.79,0.61,0.68,0.50
59.8600,-7.49,4.31,3.84,-0.29,-0.54,0.07
59.9420,-6.55,3.02,3.14,0.16,-0.65,-0.13
60.0240,-7.45,2.00,2.90,0.20,-0.38,0.08
60.1060,-10.08,3.18,2.04,0.32,0.00,0.25
60.1880,-12.67,1.77,0.47,0.37,-0.03,-0.06
60.2700,-10.98,7.96,6.55,-0.73,0.27,-0.49
60.3520,-10.71,6.71,7.14,-0.69,0.18,-0.54
60.4340,-7.61,1.96,3.06,0.49,0.56,0.36
60.5160,-5.41,1.69,1.10,0.10,0.31,0.46
60.5980,-5.96,2.20,0.55,-0.35,-0.24,0.21
60.6800,-12.47,3.06,1.80,-0.34,0.01,-0.53
60.7620,-14.63,0.04,-1.57,0.37,0.33,0.05
60.8440,-8.55,7.92,2.55,1.00,-0.07,0.64
60.9260,-8.16,3.33,4.71,-0.23,-0.38,-0.14
61.0080,-7.69,3.73,4.04,0.24,-0.82,-0.24
61.0900,-6.94,1.18,3.06,0.64,-0.60,-0.16
61.1720,-9.49,2.67,2.55,0.64,-0.11,0.27
61.2540,-12.20,1.92,1.61,0.66,-0.20,0.08
61.3360,-12.36,4.86,2.98,0.28,-0.07,-0.26
61.4180,-8.98,4.12,7.22,-1.34,0.11,-1.07
61.5000,-13.10,6.04,4.79,0.05,0.36,-0.20
61.5820,-6.12,1.53,1.37,-0.23,0.52,0.53
61.6640,-5.41,2.35,0.94,-0.49,0.11,0.69
61.7460,-7.69,2.67,0.71,-0.45,-0.06,0.14
61.8280,-15.18,3.61,1.96,-0.37,-0.32,-0.13
61.9100,-9.26,1.73,4.63,0.01,0.70,-0.07
61.9920,-8.36,5.73,1.96,0.67,0.60,0.48
62.0740,-8.04,4.67,4.35,-0.57,-0.45,-0.08
62.1560,-7.18,3.02,3.57,0.30,-0.61,-0.14
62.2380,-6.86,2.08,3.14,0.05,-0.36,0.13
62.3200,-10.04,2.98,2.51,0.47,-0.16,0.32
62.4020,-12.32,2.47,1.14,0.44,-0.11,0.01
62.4840,-12.71,5.53,4.59,0.32,-0.09,-0.33
62.5660,-9.77,4.90,6.04,-1.04,-0.02,-0.94
62.6480,-11.30,5.02,4.71,0.30,0.38,0.04
62.7300,-6.79,2.39,2.20,0.01,0.29,0.37
62.8120,-6.20,2.24,1.65,-0.05,-0.07,0.36
62.8940,-9.06,2.67,1.41,-0.23,-0.17,0.07
62.9760,-13.57,2.86,0.82,-0.20,0.22,-0.07
63.0580,-13.89,7.61,6.75,-0.37,0.28,0.03
63.1400,-5.73,1.37,1.92,0.83,0.64,-0.27
63.2220,-8.20,4.31,4.51,-0.69,-0.60,-0.02
63.3040,-6.63,2.90,3.22,0.12,-0.45,-0.18
63.3860,-6.47,2.20,3.10,-0.01,-0.20,0.15
63.4680,-9.26,3.10,2.98,0.49,-0.05,0.13
63.5500,-12.24,1.88,1.65,0.58,-0.11,0.07
63.6320,-11.65,2.00,2.16,0.37,-0.08,-0.19
63.7140,-7.49,4.98,6.86,-1.20,0.29,-0.99
63.7960,-12.94,5.53,5.18,-0.06,0.16,-0.41
63.8780,-6.98,2.04,2.12,-0.02,0.57,0.37
63.9600,-6.43,2.47,1.57,-0.36,0.28,0.62
64.0420,-6.59,2.59,0.82,-0.49,-0.01,0.22
64.1240,-11.10,3.18,1.96,-0.43,-0.12,-0.23
64.2060,-13.10,1.14,-1.26,0.12,0.09,-0.01
64.2880,-14.32,11.06,10.71,-0.24,-0.52,0.57
64.3700,-5.57,2.63,3.96,0.47,0.48,-0.19
64.4520,-7.85,4.51,4.16,-0.28,-0.59,0.14
64.5340,-7.06,2.59,3.45,0.31,-0.43,-0.34
64.6160,-7.22,2.63,2.90,0.12,-0.22,0.13
64.6980,-9.92,2.98,2.51,0.57,-0.18,0.15
64.7800,-11.77,1.88,0.82,0.51,-0.01,0.03
64.8620,-11.57,3.80,2.24,0.29,-0.11,-0.21
64.9440,-9.14,3.88,6.24,-0.68,-0.00,-0.92
65.0260,-10.75,5.02,4.12,-0.13,0.24,-0.57
65.1080,-7.81,2.43,2.55,0.11,0.32,0.42
65.1900,-7.45,2.82,1.65,-0.09,0.08,0.55
65.2720,-7.14,2.24,0.75,-0.17,-0.02,0.23
65.3540,-9.81,2.31,0.86,-0.33,-0.08,-0.17
65.4360,-12.04,2.39,-0.35,-0.29,0.13,0.01
65.5180,-15.06,9.61,10.16,-0.00,-0.20,0.28
65.6000,-7.30,2.63,4.08,-0.18,0.57,-0.05
65.6820,-7.41,4.16,4.20,-0.57,-0.27,0.28
65.7640,-7.61,3.33,4.16,-0.05,-0.37,-0.22
65.8460,-7.81,2.35,3.02,-0.02,-0.21,0.15
65.9280,-8.20,2.82,2.59,-0.00,-0.19,0.17
66.0100,-9.06,2.98,2.94,0.64,-0.09,0.29
66.0920,-10.55,0.71,1.41,0.82,0.09,-0.06
66.1740,-12.55,5.61,4.43,-0.07,0.21,-0.32
66.2560,-8.28,7.18,6.12,-0.80,0.23,-0.73
66.3380,-9.81,3.69,3.77,0.53,0.04,-0.09
66.4200,-7.61,2.79,1.88,-0.16,0.08,0.28
66.5020,-7.85,2.79,1.92,-0.16,0.04,0.32
66.5840,-8.51,3.37,2.04,-0.31,-0.17,0.18
66.6660,-9.92,3.30,1.80,-0.34,-0.06,-0.11
66.7480,-9.69,2.31,1.41,-0.24,0.16,-0.03
66.8300,-9.92,2.43,1.14,-0.50,0.24,-0.00
66.9120,-10.87,3.65,1.29,0.73,0.18,0.31
66.9940,-7.53,2.51,3.41,-0.53,-0.03,0.10
67.0760,-7.96,3.30,3.61,-0.19,-0.25,0.40
67.1580,-9.22,2.71,3.73,-0.27,-0.24,0.02
67.2400,-8.00,2.43,2.98,-0.16,-0.24,0.10
67.3220,-8.83,2.67,2.71,0.03,-0.18,0.16
67.4040,-9.73,3.10,2.94,0.39,0.05,0.27
67.4860,-11.45,2.24,0.98,0.42,0.04,0.03
67.5680,-12.67,3.41,3.30,0.87,-0.08,-0.15
67.6500,-10.28,4.94,7.22,-1.54,0.06,-0.86
67.7320,-11.41,4.35,4.20,0.04,0.40,-0.09
67.8140,-7.22,2.24,2.00,-0.44,0.58,0.45
67.8960,-6.75,2.43,1.69,-0.56,0.39,0.72
67.9780,-7.02,2.51,0.86,-0.71,0.21,0.28
68.0600,-10.71,3.77,1.88,-0.65,-0.04,-0.23
68.1420,-13.34,0.00,-0.82,-0.05,0.53,0.08
68.2240,-13.34,10.59,4.82,0.27,-0.67,0.50
68.3060,-8.63,2.31,4.67,-0.16,-0.15,-0.06
68.3880,-8.71,4.24,4.39,-0.29,-0.79,-0.10
68.4700,-6.39,1.65,3.06,0.25,-0.53,-0.16
68.5520,-7.81,2.86,2.75,0.27,-0.24,0.26
68.6340,-9.41,2.04,1.49,0.69,0.29,0.06
68.7160,-12.43,3.06,1.06,0.20,-0.03,-0.24
68.7980,-7.45,4.90,7.02,-0.77,0.27,-0.89
68.8800,-14.44,7.37,6.28,-0.24,0.05,-0.54
68.9620,-7.30,0.78,1.84,0.03,0.65,0.38
69.0440,-5.22,2.00,1.53,-0.33,0.31,0.66
69.1260,-6.75,2.35,0.31,-0.54,-0.00,0.18
69.2080,-12.04,2.94,3.65,-0.48,0.11,-0.43
69.2900,-15.46,-0.90,-2.67,0.20,0.24,0.05
69.3720,-10.04,9.53,5.14,0.83,-0.37,0.94
69.4540,-7.69,3.10,4.43,-0.30,0.23,-0.16
69.5360,-8.79,4.63,4.20,0.40,-0.75,-0.32
69.6180,-6.24,0.82,2.39,0.48,-0.43,-0.14
69.7000,-7.77,3.10,2.79,0.56,-0.49,0.21
69.7820,-10.40,0.39,0.51,1.03,-0.11,-0.15
69.8640,-13.06,4.90,3.06,-0.31,-0.18,-0.20
69.9460,-9.96,4.47,7.57,-0.98,-0.02,-1.25
70.0280,-12.55,5.33,5.22,0.15,0.24,0.02
70.1100,-6.12,2.12,1.49,0.09,0.53,0.35
70.1920,-5.06,1.41,0.98,0.05,0.26,0.47
70.2740,-7.96,1.57,-0.04,-0.46,-0.02,0.20
70.3560,-15.22,4.00,2.00,-0.48,-0.24,-0.20
70.4380,-12.59,1.61,3.22,0.48,0.56,0.14
70.5200,-6.63,2.94,3.88,0.29,0.87,0.22
70.6020,-6.79,4.31,4.28,-0.71,-0.52,0.16
70.6840,-6.63,2.20,3.22,0.16,-0.45,-0.18
70.7660,-6.47,1.29,2.71,-0.04,-0.20,0.29
70.8480,-10.43,3.10,3.22,0.38,-0.01,0.32
70.9300,-12.28,1.53,1.22,0.35,0.03,0.01
71.0120,-12.63,4.67,3.80,0.40,0.10,-0.15
71.0940,-9.49,3.26,5.96,-1.24,0.02,-0.95
71.1760,-12.20,5.22,5.02,-0.10,0.31,-0.04
71.2580,-7.18,2.08,2.00,-0.55,0.53,0.44
71.3400,-6.59,2.08,1.80,-0.55,0.24,0.66
71.4220,-7.49,1.96,1.02,-0.61,-0.01,0.29
71.5040,-13.73,3.41,2.94,-0.40,-0.00,0.05
71.5860,-12.43,1.77,4.39,-0.30,0.85,-0.15
71.6680,-6.16,4.00,2.39,-0.02,0.67,0.26
71.7500,-8.08,4.55,4.20,-0.86,-0.33,0.19
71.8320,-6.94,2.08,3.22,-0.07,-0.39,-0.12
71.9140,-6.67,2.08,3.06,-0.26,-0.21,0.30
71.9960,-9.77,2.63,2.51,0.25,0.04,0.19
72.0780,-12.51,2.90,1.88,0.62,-0.22,0.13
72.1600,-14.00,2.47,4.79,0.45,-0.07,-0.24
72.2420,-10.36,5.65,7.18,-1.37,0.17,-0.80
72.3240,-11.49,4.82,4.63,-0.06,0.39,0.26
72.4060,-7.06,1.92,2.20,-0.41,0.56,0.43
72.4880,-6.35,3.02,2.16,-0.40,0.18,0.45
72.5700,-8.20,2.39,1.49,-0.40,0.25,0.21
72.6520,-13.10,2.71,0.98,-0.49,0.03,0.01
72.7340,-12.67,6.39,6.04,-0.27,0.58,0.17
72.8160,-6.28,7.14,4.67,-0.67,0.76,0.44
72.8980,-8.67,2.90,3.77,-0.73,-0.07,0.24
72.9800,-7.22,3.41,3.41,-0.86,-0.42,0.07
73.0620,-5.77,1.84,3.18,-0.55,-0.25,0.18
73.1440,-7.14,3.73,3.26,-0.15,-0.02,0.33
73.2260,-11.34,2.16,1.53,0.51,0.14,0.08
73.3080,-13.81,3.77,4.00,0.28,-0.07,-0.27
73.3900,-10.40,3.80,6.39,-0.96,-0.01,-0.86
73.4720,-11.18,4.90,4.55,-0.33,0.27,-0.07
73.5540,-5.92,1.14,2.35,-0.24,0.48,0.40
73.6360,-5.26,2.75,1.73,-0.60,0.28,0.60
73.7180,-7.65,2.04,1.26,-0.33,0.15,0.01
73.8000,-12.55,2.98,1.26,-0.52,0.13,-0.13
73.8820,-10.83,2.35,5.33,0.18,0.29,-0.00
73.9640,-4.51,2.79,1.53,0.48,0.93,0.16
74.0460,-8.67,4.67,4.90,-0.71,-0.32,0.15
74.1280,-7.45,3.49,3.30,0.14,-0.49,-0.20
74.2100,-6.55,1.57,2.63,-0.04,-0.26,0.09
74.2920,-8.71,2.82,2.55,0.08,-0.16,0.29
74.3740,-10.83,2.71,1.22,0.46,0.15,0.08
74.4560,-12.67,3.14,1.84,0.25,0.02,-0.20
74.5380,-7.18,4.20,6.32,-0.97,0.29,-0.76
74.6200,-12.00,6.55,4.75,-0.19,-0.02,-0.46
74.7020,-6.86,1.69,2.04,-0.10,0.49,0.40
74.7840,-5.37,2.28,0.90,-0.38,0.28,0.61
74.8660,-6.51,1.65,0.39,-0.59,-0.11,0.16
74.9480,-12.04,2.94,2.51,-0.63,0.21,-0.39
75.0300,-14.83,1.29,2.28,0.06,0.14,0.07
75.1120,-8.16,8.12,3.02,0.51,0.48,0.70
75.1940,-8.63,4.43,5.26,-0.45,-0.29,0.10
75.2760,-7.53,3.33,3.65,0.40,-0.55,-0.39
75.3580,-6.00,1.49,2.39,0.32,-0.36,-0.04
75.4400,-9.69,3.18,2.24,0.64,-0.18,0.25
75.5220,-11.57,1.45,0.00,0.59,-0.13,-0.05
75.6040,-12.55,5.37,3.49,0.23,-0.00,-0.32
75.6860,-10.32,4.28,6.98,-1.11,0.07,-1.35
75.7680,-13.65,4.90,4.90,0.47,0.17,-0.06
75.8500,-6.24,2.00,1.53,-0.18,0.48,0.49
75.9320,-5.49,1.22,0.55,-0.11,-0.05,0.59
76.0140,-7.69,2.04,-0.08,-0.57,0.03,-0.07
76.0960,-15.81,4.59,1.88,-0.26,-0.03,0.21
76.1780,-13.38,3.37,4.75,-0.55,0.64,-0.01
76.2600,-6.51,4.20,4.28,0.59,0.77,0.43
76.3420,-8.59,4.86,5.33,-0.49,-0.89,-0.20
76.4240,-5.45,1.14,2.16,0.66,-0.53,-0.34
76.5060,-7.73,2.71,2.90,0.51,-0.54,0.29
76.5880,-9.65,2.28,0.31,0.76,0.27,0.32
76.6700,-11.73,1.65,1.22,-0.00,-0.12,-0.15
76.7520,-9.49,5.88,5.96,-0.34,0.46,-0.86
76.8340,-14.32,7.57,6.98,-0.58,-0.05,-0.98
76.9160,-7.53,0.78,2.16,0.49,0.70,0.25
76.9980,-5.77,1.61,0.47,0.03,0.32,0.54
77.0800,-5.77,1.18,0.08,-0.42,0.02,0.27
77.1620,-10.59,3.49,2.55,-0.51,0.05,-0.44
77.2440,-14.32,1.77,0.31,0.30,0.06,0.06
77.3260,-12.43,6.12,2.63,1.00,0.66,0.67
77.4080,-7.65,3.77,5.18,-0.79,-0.07,0.25
77.4900,-8.32,4.43,4.00,0.14,-0.72,-0.22
77.5720,-6.94,0.90,2.31,0.34,-0.29,-0.01
77.6540,-7.77,2.47,2.20,-0.04,-0.24,0.45
77.7360,-9.61,2.94,1.92,0.50,0.52,0.23
77.8180,-11.85,2.94,1.96,0.07,0.06,-0.18
77.9000,-8.59,4.28,6.71,-0.68,0.16,-0.98
77.9820,-12.87,5.81,5.18,-0.18,0.09,-0.45
78.0640,-7.14,1.65,2.04,-0.06,0.70,0.40
78.1460,-5.77,2.59,0.90,-0.37,0.34,0.55
78.2280,-6.59,1.61,0.27,-0.48,-0.08,0.28
78.3100,-12.00,3.06,3.92,-0.55,-0.24,-0.41
78.3920,-12.98,-1.49,-1.57,0.41,0.74,0.16
78.4740,-12.87,12.55,8.87,-0.15,-1.37,0.85
78.5560,-6.51,2.86,4.67,-0.36,0.14,-0.06
78.6380,-8.59,4.20,4.28,0.34,-0.87,-0.37
78.7200,-6.28,0.78,2.35,0.35,-0.32,-0.13
78.8020,-8.90,2.47,2.39,0.44,-0.46,0.37
78.8840,-10.59,1.14,1.53,0.58,0.24,0.14
78.9660,-11.02,3.80,1.26,-0.15,0.05,-0.19
79.0480,-5.69,5.65,8.51,-0.60,0.40,-1.04
79.1300,-15.42,6.55,7.14,-0.07,-0.18,-0.56
79.2120,-7.06,1.49,1.80,-0.09,0.57,0.52
79.2940,-5.61,1.80,1.10,-0.15,0.13,0.80
79.3760,-7.10,2.20,0.31,-0.68,-0.06,0.27
79.4580,-14.12,3.73,3.14,-0.43,-0.12,-0.30
79.5400,-13.10,1.26,4.43,0.48,0.60,-0.06
79.6220,-5.53,2.94,2.63,0.24,0.87,0.07
79.7040,-7.26,5.10,4.71,-0.76,-0.50,0.19
79.7860,-7.06,1.92,3.14,0.14,-0.44,-0.19
79.8680,-6.43,1.92,2.79,-0.23,-0.20,0.27
79.9500,-9.57,3.49,3.14,0.22,0.13,0.30
80.0320,-12.71,0.98,0.63,0.37,-0.00,-0.11
80.1140,-12.08,5.65,4.20,-0.29,0.13,-0.13
80.1960,-9.38,5.14,6.12,-1.15,-0.01,-0.94
80.2780,-11.22,4.00,4.43,0.40,0.24,0.00
80.3600,-7.06,1.77,1.69,-0.15,0.42,0.35
80.4420,-6.12,2.20,1.14,-0.26,0.12,0.44
80.5240,-7.96,2.28,0.67,-0.43,-0.04,0.03
80.6060,-13.61,3.80,1.49,-0.48,-0.17,-0.19
80.6880,-13.14,3.84,2.82,0.30,0.29,-0.00
80.7700,-6.75,2.98,3.02,0.59,0.94,0.18
80.8520,-6.94,4.08,4.20,-0.26,-0.58,0.17
80.9340,-7.02,3.10,3.41,0.36,-0.68,-0.28
81.0160,-7.10,1.22,2.75,0.39,-0.43,-0.01
81.0980,-8.71,2.90,2.47,0.35,-0.19,0.24
81.1800,-11.53,1.45,1.10,0.54,-0.05,0.05
81.2620,-12.83,6.39,4.04,0.10,0.04,-0.24
81.3440,-9.49,3.84,6.08,-0.85,0.02,-1.00
81.4260,-12.16,4.98,4.71,-0.10,0.27,-0.29
81.5080,-6.79,1.61,1.73,-0.05,0.36,0.32
81.5900,-6.63,2.24,1.26,-0.25,0.06,0.54
81.6720,-7.41,2.16,0.47,-0.40,-0.04,0.19
81.7540,-13.73,3.30,2.28,-0.52,-0.01,-0.28
81.8360,-14.16,1.92,3.96,0.31,0.28,-0.03
81.9180,-5.06,4.47,1.84,0.48,0.98,0.31
82.0000,-6.86,4.35,4.24,-0.57,-0.59,0.17
82.0820,-6.94,2.79,3.41,0.21,-0.56,-0.24
82.1640,-6.35,1.84,2.86,0.17,-0.37,0.08
82.2460,-10.20,2.82,2.63,0.52,-0.21,0.29
82.3280,-11.65,1.73,0.86,0.30,0.01,-0.03
82.4100,-12.36,5.45,3.26,0.16,-0.07,-0.23
82.4920,-9.38,4.31,6.39,-1.08,0.06,-1.09
82.5740,-11.77,4.86,4.47,0.28,0.29,-0.08
82.6560,-7.14,2.04,1.88,0.02,0.41,0.45
82.7380,-6.35,1.61,1.53,-0.06,0.01,0.47
82.8200,-8.00,2.35,0.31,-0.49,-0.14,0.16
82.9020,-14.36,3.61,2.55,-0.53,-0.38,-0.36
82.9840,-12.51,0.98,2.90,0.41,0.88,-0.04
83.0660,-6.12,3.69,2.90,0.51,0.79,0.10
83.1480,-7.18,4.16,4.00,-0.59,-0.50,0.15
83.2300,-6.67,2.75,3.30,0.21,-0.62,-0.22
83.3120,-7.41,2.12,2.82,0.10,-0.31,0.13
83.3940,-9.57,2.51,1.84,0.38,0.14,0.22
83.4760,-12.00,1.84,1.29,0.42,-0.02,0.11
83.5580,-12.55,6.55,3.88,0.38,0.08,-0.45
83.6400,-9.92,4.20,6.86,-1.32,-0.22,-1.12
83.7220,-10.75,3.57,4.04,0.66,0.19,-0.11
83.8040,-6.63,1.65,1.45,-0.15,0.18,0.52
83.8860,-5.69,1.92,0.59,-0.36,-0.04,0.47
83.9680,-8.75,2.59,0.35,-0.47,-0.05,-0.08
84.0500,-14.83,4.35,1.22,-0.04,-0.25,-0.02
84.1320,-16.71,12.08,10.75,-0.01,0.37,0.27
84.2140,-7.34,2.28,4.82,0.30,0.37,-0.08
84.2960,-7.69,4.39,4.00,-0.11,-0.87,-0.10
84.3780,-6.55,1.22,2.79,0.46,-0.57,-0.33
84.4600,-7.53,2.71,2.55,0.11,-0.29,0.29
84.5420,-9.81,2.24,2.04,0.52,0.38,0.17
84.6240,-11.34,2.71,1.06,0.07,0.05,-0.02
84.7060,-10.00,4.94,5.26,0.21,0.46,-0.59
84.7880,-12.59,6.08,7.14,-0.94,-0.01,-1.02
84.8700,-7.65,1.45,2.16,0.35,0.69,0.41
84.9520,-5.77,2.08,1.06,-0.16,0.32,0.62
85.0340,-6.20,1.80,0.39,-0.37,-0.24,0.33
85.1160,-10.67,2.39,1.14,-0.38,-0.12,-0.31
85.1980,-13.77,1.02,-1.88,0.21,0.07,0.03
85.2800,-17.02,13.30,10.24,-0.23,-1.06,0.68
85.3620,-7.26,1.65,4.16,0.09,0.08,-0.15
85.4440,-8.32,4.71,4.16,0.03,-0.85,-0.26
85.5260,-6.39,1.49,2.75,0.56,-0.46,-0.25
85.6080,-8.47,2.82,2.31,0.38,-0.33,0.26
85.6900,-9.61,1.57,2.04,0.73,0.05,0.16
85.7720,-11.73,3.06,1.06,0.07,0.06,-0.22
85.8540,-8.04,4.75,7.45,-0.29,0.29,-0.88
85.9360,-12.59,6.32,5.49,-0.27,-0.05,-0.63
86.0180,-7.57,1.29,2.08,0.21,0.68,0.41
86.1000,-5.96,2.35,1.45,-0.22,0.25,0.74
86.1820,-6.28,2.55,0.82,-0.49,0.07,0.28
86.2640,-11.41,2.98,1.61,-0.48,0.01,-0.29
86.3460,-14.40,1.22,3.18,0.22,0.18,0.04
86.4280,-7.77,5.96,1.45,0.19,0.62,0.32
86.5100,-9.02,4.12,5.45,-0.02,-0.39,0.22
86.5920,-7.69,3.53,3.41,-0.03,-0.69,-0.15
86.6740,-6.67,1.45,2.75,0.17,-0.44,-0.06
86.7560,-8.04,3.14,2.67,0.13,-0.19,0.20
86.8380,-10.12,2.35,2.75,0.74,0.32,0.10
86.9200,-12.63,2.63,1.53,0.01,0.10,-0.15
87.0020,-8.98,5.02,6.55,-0.81,0.11,-0.88
87.0840,-10.87,6.04,4.86,-0.49,0.27,-0.73
87.1660,-7.18,1.77,2.35,0.31,0.48,0.45
87.2480,-6.94,2.51,1.26,-0.03,0.26,0.40
87.3300,-7.02,2.04,0.71,-0.19,-0.10,0.20
87.4120,-10.83,2.82,1.29,-0.29,-0.26,-0.22
87.4940,-13.53,3.02,-0.31,-0.18,-0.03,-0.04
87.5760,-14.47,10.00,8.32,0.01,-0.35,0.24
87.6580,-7.57,3.10,4.71,0.46,0.07,-0.09
87.7400,-7.06,3.92,3.37,-0.17,-0.51,0.02
87.8220,-6.43,2.24,3.06,0.42,-0.56,-0.29
87.9040,-7.85,2.20,2.82,0.16,-0.26,0.21
87.9860,-9.65,2.51,2.28,0.48,-0.06,0.11
88.0680,-11.81,1.88,0.39,0.52,-0.02,0.04
88.1500,-11.77,3.53,3.18,0.29,0.03,-0.20
88.2320,-8.63,4.98,6.24,-1.24,0.08,-0.93
88.3140,-11.49,4.98,4.59,0.36,0.26,-0.14
88.3960,-7.14,1.92,1.84,-0.09,0.40,0.38
88.4780,-6.16,2.35,1.37,-0.30,0.06,0.63
88.5600,-7.34,2.39,0.59,-0.44,-0.04,0.14
88.6420,-13.89,3.41,3.06,-0.47,-0.19,-0.46
88.7240,-13.96,0.90,4.94,0.39,0.64,-0.14
88.8060,-5.02,4.04,2.04,0.45,0.86,0.37
88.8880,-8.04,4.63,4.75,-0.51,-0.62,0.19
88.9700,-7.26,2.82,3.30,0.26,-0.62,-0.34
89.0520,-7.10,2.08,2.98,0.13,-0.39,0.11
89.1340,-10.12,2.82,2.71,0.51,-0.23,0.28
89.2160,-11.38,2.08,1.14,0.36,0.04,-0.06
89.2980,-11.81,4.63,2.67,0.25,-0.12,-0.26
89.3800,-7.85,4.12,7.14,-0.81,0.23,-1.00
89.4620,-12.04,5.61,4.79,-0.06,0.34,-0.17
89.5440,-6.59,2.08,1.77,-0.06,0.53,0.37
89.6260,-6.51,1.92,1.14,-0.12,0.10,0.60
89.7080,-7.06,2.00,0.43,-0.44,-0.00,0.16
89.7900,-14.04,3.18,2.24,-0.38,-0.26,-0.22
89.8720,-12.87,1.96,4.08,0.17,0.40,-0.14
89.9540,-6.35,4.67,2.63,0.59,0.88,0.31
90.0360,-7.37,4.20,4.43,-0.67,-0.55,0.09
90.1180,-7.41,3.18,3.45,0.29,-0.61,-0.32
90.2000,-7.22,1.49,2.86,0.10,-0.27,0.16
90.2820,-9.10,3.10,2.55,0.15,-0.16,0.30
90.3640,-11.57,2.43,1.29,0.40,0.01,0.10
90.4460,-11.69,3.26,2.00,0.11,-0.01,-0.18
90.5280,-6.98,4.75,6.98,-0.72,0.34,-0.79
90.6100,-11.85,5.45,5.26,-0.26,0.14,-0.40
90.6920,-7.02,2.47,1.22,0.13,0.59,0.37
90.7740,-6.28,2.28,1.29,-0.15,0.21,0.64
90.8560,-6.35,2.08,0.39,-0.50,0.05,0.31
90.9380,-11.73,3.45,3.22,-0.45,0.13,-0.32
91.0200,-13.96,0.63,1.22,0.20,0.38,-0.05
91.1020,-9.18,8.16,1.61,0.28,0.22,0.65
91.1840,-8.98,3.41,5.37,-0.35,-0.46,0.03
91.2660,-7.96,3.73,3.57,0.04,-0.67,-0.14
91.3480,-6.51,1.33,3.02,0.10,-0.38,0.01
91.4300,-8.32,3.18,2.86,0.18,-0.19,0.26
91.5120,-10.75,1.92,1.61,0.58,0.31,0.08
91.5940,-11.61,3.14,1.88,0.28,0.01,-0.18
91.6760,-7.65,3.69,6.55,-0.98,0.22,-0.73
91.7580,-11.34,7.02,5.26,-0.70,0.31,-0.52
91.8400,-7.73,1.49,2.28,0.12,0.65,0.39
91.9220,-6.20,2.28,1.22,-0.42,0.34,0.55
92.0040,-6.55,2.55,0.67,-0.49,-0.01,0.26
92.0860,-10.04,3.18,1.80,-0.50,-0.06,-0.33
92.1680,-13.73,0.55,-2.08,0.22,0.04,-0.04
92.2500,-16.04,11.65,8.94,-0.19,-0.76,0.54
92.3320,-7.14,3.26,4.08,0.35,0.21,0.05
92.4140,-8.20,4.20,3.84,-0.15,-0.78,-0.16
92.4960,-6.47,2.12,2.75,0.37,-0.43,-0.27
92.5780,-7.85,2.55,2.43,0.28,-0.32,0.19
92.6600,-9.34,2.79,2.94,0.68,0.05,0.12
92.7420,-11.69,1.73,0.63,0.47,0.01,0.04
92.8240,-12.32,6.28,3.37,0.27,-0.06,-0.30
92.9060,-8.71,5.02,6.08,-1.07,0.06,-0.94
92.9880,-11.30,4.71,4.28,0.36,0.23,-0.14
93.0700,-6.47,2.24,1.57,0.08,0.26,0.34
93.1520,-6.86,2.08,1.02,0.04,-0.08,0.37
93.2340,-7.85,2.51,0.59,-0.27,-0.16,0.21
93.3160,-13.38,3.33,1.77,-0.33,-0.10,-0.31
93.3980,-15.30,4.24,4.24,0.22,0.33,-0.06
93.4800,-5.30,4.24,2.55,0.24,1.24,0.07
93.5620,-7.61,4.16,4.31,-0.40,-0.44,0.17
93.6440,-7.06,2.98,3.41,0.08,-0.57,-0.25
93.7260,-6.83,1.65,2.79,0.05,-0.33,0.11
93.8080,-8.00,3.22,2.55,0.17,-0.16,0.12
93.8900,-10.83,2.12,1.53,0.74,0.01,0.08
93.9720,-11.85,3.06,1.77,0.28,-0.12,-0.28
94.0540,-8.12,4.12,6.20,-0.48,0.45,-0.77
94.1360,-12.59,6.20,5.41,-0.41,0.08,-0.59
94.2180,-8.36,1.10,2.86,0.19,0.59,0.41
94.3000,-6.35,2.00,1.22,-0.30,0.22,0.71
94.3820,-6.43,2.94,0.78,-0.60,-0.02,0.26
94.4640,-12.00,2.79,2.16,-0.44,0.04,-0.33
94.5460,-13.57,1.14,-0.90,0.06,0.14,-0.04
94.6280,-9.49,6.63,2.08,0.56,0.42,0.53
94.7100,-8.67,3.14,5.18,-0.04,-0.16,0.03
94.7920,-8.24,4.24,4.04,-0.08,-0.73,-0.11
94.8740,-6.83,1.69,2.71,0.27,-0.40,-0.11
94.9560,-8.00,2.86,2.79,0.20,-0.26,0.25
95.0380,-9.85,2.39,2.16,0.49,0.37,0.03
95.1200,-12.24,2.28,1.49,0.34,-0.01,-0.08
95.2020,-10.20,4.67,3.88,-0.04,0.37,-0.34
95.2840,-9.61,5.81,6.28,-0.99,0.12,-1.02
95.3660,-9.89,2.94,3.69,0.55,0.29,0.25
95.4480,-7.10,1.96,1.61,-0.07,0.20,0.46
95.5300,-6.55,2.35,1.06,-0.20,-0.08,0.37
95.6120,-9.06,2.08,0.59,-0.24,-0.09,-0.07
95.6940,-13.77,3.57,1.41,-0.26,-0.16,-0.01
95.7760,-9.22,4.67,5.14,-0.80,0.81,-0.06
95.8580,-4.98,3.53,1.57,0.78,0.46,-0.12
95.9400,-10.04,4.63,4.98,-0.33,-0.59,-0.11
96.0220,-7.22,3.14,3.06,0.33,-0.56,-0.31
96.1040,-6.51,1.96,2.75,0.32,-0.32,0.02
96.1860,-9.49,2.47,2.35,0.79,-0.29,0.21
96.2680,-11.89,2.35,1.06,0.52,-0.12,0.07
96.3500,-12.20,4.04,2.39,0.17,-0.17,-0.24
96.4320,-7.53,3.49,6.55,-0.93,0.18,-0.88
96.5140,-11.41,6.08,5.06,-0.06,0.12,-0.24
96.5960,-7.34,1.84,2.28,0.21,0.38,0.32
96.6780,-6.28,2.16,1.26,-0.06,0.15,0.63
96.7600,-6.51,2.20,0.51,-0.39,-0.01,0.25
96.8420,-11.85,2.90,2.43,-0.45,-0.02,-0.26
96.9240,-13.30,-1.02,-1.37,0.14,0.31,-0.06
97.0060,-14.20,10.83,6.16,0.29,-0.46,0.75
97.0880,-8.20,2.16,4.55,-0.36,0.03,-0.03
97.1700,-8.39,4.35,4.00,-0.28,-0.74,-0.04
97.2520,-6.51,2.00,3.10,0.11,-0.33,-0.09
97.3340,-8.08,2.67,2.31,0.19,-0.25,0.22
97.4160,-9.65,2.79,2.82,0.56,0.30,0.14
97.4980,-11.77,2.12,0.94,0.11,0.13,-0.14
97.5800,-9.53,4.75,6.90,-0.01,0.26,-0.82
97.6620,-10.24,5.61,5.45,-0.66,0.22,-0.68
97.7440,-8.67,2.20,2.31,0.42,0.57,0.35
97.8260,-6.43,2.16,1.29,-0.12,0.41,0.49
97.9080,-6.90,1.92,0.59,-0.33,-0.00,0.26
97.9900,-10.08,2.51,1.88,-0.41,0.04,-0.35
98.0720,-13.96,0.67,-2.24,0.05,0.18,0.12
98.1540,-14.87,10.59,6.94,0.16,-0.63,0.67
98.2360,-8.43,2.39,4.90,-0.00,0.07,-0.04
98.3180,-8.20,4.59,4.24,-0.32,-0.74,-0.05
98.4000,-6.63,1.88,2.67,0.17,-0.34,-0.16
98.4820,-7.37,2.59,2.79,-0.01,-0.18,0.32
98.5640,-10.04,3.22,2.47,0.59,0.47,0.20
98.6460,-12.83,2.20,1.26,0.15,0.02,-0.09
98.7280,-9.89,5.81,4.04,0.05,0.28,-0.30
98.8100,-9.53,5.06,5.37,-0.55,-0.13,-0.84
98.8920,-10.87,3.06,4.08,0.49,0.37,0.18
98.9740,-6.86,2.31,1.18,-0.19,0.20,0.39
99.0560,-6.63,1.77,1.14,-0.15,-0.11,0.42
99.1380,-8.32,2.47,1.10,-0.45,-0.07,-0.02
99.2200,-14.36,3.02,0.24,-0.05,-0.15,0.10
99.3020,-13.10,4.31,4.47,-0.92,0.91,0.16
99.3840,-5.30,3.69,2.67,0.57,0.57,0.07
99.4660,-8.43,3.88,4.16,-0.52,-0.78,-0.24
99.5480,-6.12,2.51,2.90,0.31,-0.57,-0.20
99.6300,-6.83,2.75,2.94,0.03,-0.33,0.18
99.7120,-10.08,2.79,2.08,0.63,-0.03,0.23
99.7940,-12.94,1.80,0.98,0.29,-0.05,0.01
99.8760,-12.43,5.65,4.08,0.32,-0.06,-0.27
99.9580,-9.69,3.92,6.51,-0.94,-0.09,-1.06
100.0400,-11.45,4.79,4.31,0.31,0.40,-0.01
100.1220,-6.98,2.12,1.61,-0.04,0.46,0.33
100.2040,-6.59,2.12,1.45,-0.14,0.10,0.52
100.2860,-7.81,2.47,0.51,-0.36,-0.17,0.10
100.3680,-13.45,3.02,2.71,-0.33,-0.33,-0.33
100.4500,-12.94,1.41,3.26,0.30,0.69,-0.03
100.5320,-5.73,3.37,1.77,0.36,0.96,0.29
100.6140,-7.45,4.28,4.20,-0.53,-0.52,0.13
100.6960,-6.90,2.75,3.33,0.23,-0.53,-0.26
100.7780,-6.94,1.92,2.82,0.07,-0.28,0.11
100.8600,-9.77,2.71,2.79,0.30,-0.16,0.25
100.9420,-12.16,2.04,1.22,0.46,-0.09,0.08
101.0240,-12.51,5.02,3.84,0.12,-0.03,-0.23
101.1060,-9.69,3.41,5.81,-0.64,-0.11,-1.01
101.1880,-11.89,4.94,4.67,-0.12,0.22,-0.15
101.2700,-6.71,2.00,1.73,0.25,0.28,0.30
101.3520,-6.39,2.16,1.18,0.05,0.07,0.42
101.4340,-7.88,2.43,0.82,-0.24,-0.09,0.15
101.5160,-13.42,3.57,1.61,-0.38,-0.07,-0.27
101.5980,-12.08,2.90,5.45,0.20,0.45,-0.21
101.6800,-5.84,3.88,2.71,0.55,0.93,0.24
101.7620,-7.88,4.20,4.43,-0.58,-0.52,-0.02
101.8440,-7.10,3.33,3.45,0.24,-0.68,-0.21
101.9260,-6.79,1.45,2.75,0.18,-0.35,0.10
102.0080,-8.94,2.82,2.51,0.27,-0.09,0.28
102.0900,-11.02,2.47,1.53,0.51,0.09,0.11
102.1720,-12.28,3.49,2.20,0.24,-0.12,-0.25
102.2540,-7.69,4.31,7.02,-0.84,0.20,-0.78
102.3360,-10.24,6.08,4.94,-0.34,0.33,-0.37
102.4180,-7.37,2.00,2.28,0.19,0.60,0.38
102.5000,-6.39,2.47,1.14,-0.15,0.30,0.56
102.5820,-6.51,2.28,0.59,-0.34,-0.11,0.23
102.6640,-11.69,3.69,2.79,-0.40,0.04,-0.39
102.7460,-14.55,-0.51,-2.55,0.42,0.13,-0.10
102.8280,-15.42,13.02,8.79,0.01,-0.43,0.87
102.9100,-7.41,2.00,4.12,0.18,-0.05,-0.16
102.9920,-8.87,4.28,4.39,-0.21,-0.86,-0.03
103.0740,-6.43,2.24,2.67,0.12,-0.40,-0.19
103.1560,-7.92,2.59,2.43,0.20,-0.20,0.16
103.2380,-10.12,2.08,2.00,0.56,0.32,0.10
103.3200,-12.24,2.35,1.18,0.13,0.03,-0.05
103.4020,-10.04,5.53,5.14,0.02,0.36,-0.44
103.4840,-10.40,5.81,6.43,-0.70,-0.08,-1.07
103.5660,-10.32,2.31,3.61,0.76,0.35,0.19
103.6480,-6.75,1.80,1.14,-0.04,0.31,0.43
103.7300,-6.39,2.00,0.90,-0.15,0.01,0.33
103.8120,-8.67,1.92,0.35,-0.44,-0.03,-0.10
103.8940,-13.85,3.37,0.51,-0.23,-0.16,0.05
103.9760,-13.34,5.81,7.26,-0.45,0.52,0.32
104.0580,-6.24,2.79,3.33,0.55,0.50,-0.01
104.1400,-7.73,4.28,3.96,-0.25,-0.73,-0.09
104.2220,-6.67,1.96,2.75,0.49,-0.65,-0.41
104.3040,-7.53,2.12,2.59,0.28,-0.43,0.22
104.3860,-9.85,2.98,2.08,0.50,0.05,0.26
104.4680,-12.47,1.77,0.59,0.37,0.08,-0.00
104.5500,-12.24,5.69,3.80,0.25,-0.11,-0.20
104.6320,-9.41,4.67,6.08,-0.92,-0.03,-1.14
104.7140,-12.51,4.63,4.35,0.50,0.16,-0.01
104.7960,-6.24,2.08,1.92,0.06,0.37,0.42
104.8780,-6.43,1.92,1.22,0.09,-0.12,0.42
104.9600,-8.47,2.67,0.94,-0.22,-0.22,0.22
105.0420,-12.55,3.33,1.14,-0.43,-0.18,-0.24
105.1240,-12.32,3.57,3.77,0.30,0.44,-0.12
105.2060,-6.28,3.06,1.41,0.82,0.97,0.31
105.2880,-7.92,4.04,3.80,-0.71,-0.46,0.01
105.3700,-6.90,3.18,3.37,0.14,-0.56,-0.20
105.4520,-7.49,1.45,2.79,0.15,-0.27,0.12
105.5340,-8.71,2.35,2.20,0.21,-0.13,0.29
105.6160,-11.49,2.63,1.18,0.51,-0.04,0.24
105.6980,-12.91,4.00,4.24,0.38,-0.12,-0.34
105.7800,-9.61,3.80,5.96,-0.87,-0.00,-1.06
105.8620,-12.12,5.49,4.79,-0.11,0.34,-0.09
105.9440,-6.59,1.84,1.73,0.11,0.38,0.27
106.0260,-6.20,1.73,1.18,0.01,0.15,0.49
106.1080,-7.26,2.08,0.67,-0.47,-0.06,0.23
106.1900,-14.83,4.28,2.63,-0.40,-0.33,-0.16
106.2720,-10.16,0.86,4.00,0.17,0.86,-0.24
106.3540,-7.65,4.75,2.04,0.43,0.72,0.29
106.4360,-8.83,5.02,5.18,-0.67,-0.44,-0.02
106.5180,-6.75,2.35,3.10,0.40,-0.55,-0.33
106.6000,-6.35,1.77,2.67,0.09,-0.32,0.18
106.6820,-9.34,2.55,2.43,0.57,0.07,0.35
106.7640,-13.06,1.45,-0.20,0.40,0.03,0.04
106.8460,-13.38,5.81,5.30,0.06,-0.16,-0.22
106.9280,-10.59,3.37,6.63,-1.01,-0.16,-1.06
107.0100,-11.30,3.26,4.04,0.41,0.33,-0.02
107.0920,-6.90,1.53,1.77,-0.45,0.53,0.47
107.1740,-6.63,2.12,1.69,-0.55,0.13,0.61
107.2560,-8.04,2.12,0.75,-0.53,-0.03,0.19
107.3380,-14.67,3.14,2.86,-0.08,-0.31,0.01
107.4200,-12.63,1.06,2.43,-0.36,1.24,0.09
107.5020,-4.90,4.12,2.86,0.24,0.64,0.16
107.5840,-8.12,4.12,4.31,-0.35,-0.65,-0.04
107.6660,-6.75,2.28,2.98,0.15,-0.48,-0.25
107.7480,-7.02,2.28,2.86,-0.04,-0.28,0.18
107.8300,-10.20,2.90,2.67,0.46,0.08,0.21
107.9120,-12.12,1.96,0.63,0.35,-0.06,0.04
107.9940,-12.47,5.26,4.28,0.28,-0.13,-0.26
108.0760,-9.22,4.16,6.12,-1.24,-0.01,-1.01
108.1580,-11.45,5.57,4.71,0.20,0.32,-0.12
108.2400,-7.41,2.12,1.65,0.03,0.37,0.35
108.3220,-6.39,2.16,1.33,-0.03,0.06,0.51
108.4040,-7.22,2.67,0.63,-0.32,-0.13,0.13
108.4860,-12.71,3.06,2.59,-0.31,-0.13,-0.39
108.5680,-14.40,-1.61,-1.06,0.29,0.29,-0.14
108.6500,-11.22,11.14,5.61,0.54,-0.12,0.76
108.7320,-7.85,2.04,4.59,0.08,-0.11,-0.21
108.8140,-8.59,4.35,4.04,0.06,-0.81,-0.18
108.8960,-6.83,1.69,3.06,0.34,-0.47,-0.17
108.9780,-8.24,2.39,2.51,0.31,-0.28,0.20
109.0600,-10.00,1.65,1.77,0.56,0.24,0.09
109.1420,-11.69,2.94,1.69,0.16,0.02,-0.19
109.2240,-9.34,4.82,6.39,0.05,0.27,-0.77
109.3060,-10.87,5.81,5.73,-0.37,-0.05,-0.67
109.3880,-8.36,2.08,3.41,0.62,0.39,0.24
109.4700,-6.24,1.92,1.06,0.13,0.21,0.50
109.5520,-6.55,1.57,0.63,-0.30,-0.08,0.26
109.6340,-10.36,2.75,1.33,-0.44,-0.00,-0.28
109.7160,-14.59,2.00,-0.67,0.21,0.09,0.01
109.7980,-13.85,8.32,2.63,0.34,-0.50,0.53
109.8800,-8.16,2.39,5.30,-0.31,-0.15,0.09
109.9620,-8.08,4.39,4.16,-0.04,-0.69,-0.14
110.0440,-6.35,1.61,2.86,0.31,-0.35,-0.14
110.1260,-7.77,2.71,2.51,0.20,-0.19,0.24
110.2080,-9.85,3.06,2.31,0.47,0.41,0.22
110.2900,-12.04,1.53,0.94,0.32,0.04,-0.08
110.3720,-10.55,5.37,4.12,-0.16,0.32,-0.54
110.4540,-10.32,5.92,6.08,-0.98,0.08,-0.95
110.5360,-10.28,2.71,3.92,0.52,0.38,0.22
110.6180,-6.35,1.84,1.33,-0.25,0.38,0.49
110.7000,-6.55,2.08,0.90,-0.30,0.01,0.39
110.7820,-8.55,1.96,0.39,-0.51,-0.12,-0.06
110.8640,-15.10,4.59,1.80,-0.34,-0.20,-0.02
110.9460,-13.61,5.81,8.28,-0.23,0.52,0.12
111.0280,-6.32,2.75,3.37,0.65,0.53,-0.02
111.1100,-7.02,4.31,3.92,-0.35,-0.61,0.03
111.1920,-7.10,2.16,3.06,0.53,-0.56,-0.42
111.2740,-7.22,2.24,2.79,0.21,-0.29,0.09
111.3560,-10.24,3.02,2.39,0.58,-0.08,0.24
111.4380,-12.12,2.16,0.04,0.30,0.04,0.01
111.5200,-12.24,5.06,3.77,0.45,-0.16,-0.25
111.6020,-9.34,3.18,6.00,-0.65,-0.24,-1.02
111.6840,-12.47,4.71,4.47,-0.01,0.36,-0.26
111.7660,-6.28,1.73,1.61,-0.09,0.49,0.33
111.8480,-6.63,2.08,1.37,-0.20,0.05,0.60
111.9300,-7.14,2.20,0.63,-0.40,-0.01,0.23
112.0120,-12.75,3.37,2.71,-0.46,-0.13,-0.18
112.0940,-13.85,0.31,2.51,0.13,0.21,-0.02
112.1760,-7.10,5.73,1.41,0.28,0.66,0.49
112.2580,-8.47,3.57,4.98,-0.50,-0.30,0.15
112.3400,-8.36,3.84,4.00,-0.08,-0.70,-0.18
112.4220,-6.59,1.18,2.90,0.01,-0.27,0.03
112.5040,-8.20,2.98,2.63,0.01,-0.26,0.27
112.5860,-9.77,2.75,2.63,0.48,0.22,0.11
112.6680,-11.81,2.47,1.45,0.19,-0.02,-0.22
112.7500,-9.41,5.02,6.35,-0.41,0.20,-0.77
112.8320,-10.63,5.65,5.18,-0.62,0.10,-0.60
112.9140,-7.81,2.47,3.22,0.39,0.44,0.34
112.9960,-6.94,2.35,1.41,0.06,0.31,0.43
113.0780,-6.39,1.92,0.59,-0.15,-0.15,0.17
113.1600,-11.30,2.28,0.82,-0.31,-0.06,-0.17
113.2420,-14.12,1.53,-2.24,0.22,0.19,-0.03
113.3240,-13.85,12.28,6.55,0.31,-0.79,0.72
113.4060,-7.81,0.98,4.75,0.25,0.11,-0.15
113.4880,-7.85,4.90,4.35,-0.24,-0.87,-0.06
113.5700,-6.71,1.53,3.14,0.44,-0.53,-0.28
113.6520,-7.85,2.47,2.55,0.07,-0.15,0.30
113.7340,-9.69,2.59,1.53,0.39,0.43,0.06
113.8160,-11.77,2.51,1.14,0.26,0.08,0.04
113.8980,-10.20,5.73,4.31,0.20,0.26,-0.32
113.9800,-11.69,4.79,6.47,-0.61,-0.31,-1.02
114.0620,-10.24,2.39,3.65,0.57,0.42,0.11
114.1440,-6.63,1.80,1.69,-0.13,0.40,0.48
114.2260,-6.67,2.12,1.57,-0.20,-0.07,0.46
114.3080,-8.51,2.31,0.71,-0.44,-0.03,0.04
114.3900,-14.24,4.55,2.39,-0.34,-0.27,0.09
114.4720,-12.75,0.82,3.41,-0.26,0.61,0.03
114.5540,-5.92,3.57,2.31,0.35,0.61,0.14
114.6360,-8.79,4.43,5.06,-0.63,-0.31,0.12
114.7180,-8.08,2.98,3.49,0.02,-0.53,-0.25
114.8000,-6.55,2.08,2.71,-0.11,-0.25,0.12
114.8820,-8.36,3.06,3.02,0.15,-0.29,0.27
114.9640,-10.79,2.94,2.63,0.70,0.09,0.19
115.0460,-11.45,2.59,1.77,0.24,0.02,-0.20
115.1280,-9.61,3.88,5.18,-0.02,0.33,-0.71
115.2100,-10.67,5.65,5.41,-0.79,0.19,-0.85
115.2920,-9.14,1.73,2.82,0.39,0.55,0.08
115.3740,-7.37,1.77,1.33,-0.44,0.47,0.36
115.4560,-7.34,2.08,1.14,-0.38,0.08,0.35
115.5380,-8.16,1.88,0.51,-0.61,-0.13,0.00
115.6200,-12.51,3.92,2.79,-0.53,-0.28,-0.18
115.7020,-13.96,0.20,0.94,-0.01,0.52,0.02
115.7840,-11.77,6.28,3.14,0.68,-0.06,0.57
115.8660,-7.53,2.55,4.86,-0.27,0.04,0.11
115.9480,-9.53,5.14,4.51,0.04,-0.46,-0.18
116.0300,-8.00,1.88,2.67,0.30,-0.17,-0.19
116.1120,-8.32,2.86,2.79,0.12,-0.28,0.16
116.1940,-8.67,2.86,2.63,0.40,-0.16,0.15
116.2760,-10.32,2.82,2.20,1.04,-0.13,0.15
116.3580,-10.67,2.55,1.84,0.32,-0.15,-0.09
116.4400,-10.59,4.47,2.20,0.84,-0.10,-0.07
116.5220,-10.67,4.75,4.82,-0.28,-0.39,-0.35
116.6040,-6.20,5.22,4.00,0.35,0.02,-0.38
116.6860,-9.92,4.16,3.33,0.58,-0.36,0.02
116.7680,-8.36,3.53,1.88,0.36,-0.11,0.21
116.8500,-8.55,3.49,2.20,0.08,-0.03,0.20
116.9320,-9.49,3.18,1.61,-0.16,-0.02,0.11
117.0140,-8.71,3.77,2.08,-0.63,0.22,0.04
117.0960,-9.10,4.12,3.06,-0.42,-0.04,-0.19
117.1780,-9.30,3.77,2.90,-0.39,0.09,-0.05
117.2600,-9.22,3.53,3.06,-0.29,0.10,0.02
117.3420,-8.79,3.22,3.30,-0.24,0.02,-0.04
117.4240,-9.30,3.84,3.88,-0.20,-0.15,0.03
117.5060,-9.45,2.63,3.22,0.05,-0.22,-0.03
117.5880,-9.57,2.71,2.98,-0.13,-0.06,0.03
117.6700,-9.22,3.14,3.73,-0.01,-0.11,0.04
117.7520,-9.45,2.79,3.37,0.07,-0.13,-0.02
117.8340,-9.38,2.55,3.30,0.07,-0.09,0.03
117.9160,-9.30,2.71,3.45,-0.02,-0.08,0.01
117.9980,-9.30,2.82,3.41,0.03,-0.06,0.01
118.0800,-9.34,2.79,3.65,0.05,-0.03,-0.01
118.1620,-9.45,2.82,3.53,0.04,-0.01,-0.00
